"","hhid","sold","catch","cons","cfr"
"1",2,7.344422168285e-07,3.60528444212043e-07,3.66270884718465e-06,1.01855128891542e-06
"2",5,2.05551829906931e-06,1.01012430174788e-07,1.14908393969582e-06,1.01855128891542e-06
"3",7,1.79267269642525e-05,2.74135634819478e-07,4.54837732721774e-06,1.01855128891542e-06
"4",8,3.04520015235936e-05,1.98189063780124e-07,2.79798772757148e-06,1.01855128891542e-06
"5",9,0.000136130552614257,7.53806633574682e-07,7.21766002417728e-06,1.01855128891542e-06
"6",12,2.8924759153241e-05,1.04796132249686e-07,7.87341103039653e-07,1.01855128891542e-06
"7",14,2.4089694702307e-06,1.30308799635721e-07,1.75279070539462e-06,1.01855128891542e-06
"8",19,3.45624402341339e-06,5.05119816981323e-08,5.51696742754478e-07,2.87740840779645e-06
"9",20,3.67221196547316e-07,5.24072371655461e-08,6.40829225329864e-07,2.87740840779645e-06
"10",22,2.79969794555539e-05,1.37060537489536e-07,2.31703803560253e-06,2.87740840779645e-06
"11",24,1.81337170340059e-06,3.88367974785788e-08,8.51484733553786e-07,2.87740840779645e-06
"12",25,5.49117494391681e-06,1.51776578195293e-07,2.07903257547894e-06,2.87740840779645e-06
"13",31,3.80306117844976e-06,7.42140442976908e-08,1.31381416187905e-06,2.87740840779645e-06
"14",34,2.34230204024275e-05,2.48333613208406e-07,3.69504571326906e-06,1.46704604941678e-06
"15",38,2.4438711069967e-05,1.33714777207395e-07,1.21147462258428e-06,1.46704604941678e-06
"16",40,6.53493924469201e-05,6.36775509247199e-07,5.73656815965027e-06,1.46704604941678e-06
"17",41,2.46826394065973e-05,4.29435625734139e-07,4.8108486715799e-06,1.46704604941678e-06
"18",43,0.000219646997756672,6.93667696863405e-07,5.57388455225449e-06,1.46704604941678e-06
"19",47,9.88411489905026e-05,7.97448365396875e-07,8.60599279347572e-06,1.46704604941678e-06
"20",49,0.000274117034918766,9.48804773578615e-07,5.30353775969091e-06,3.76936622222388e-06
"21",50,3.96744213009787e-05,2.44596100336164e-07,4.41033102395232e-06,3.76936622222388e-06
"22",51,3.36629177765244e-05,2.93598535224296e-07,4.57786984288754e-06,3.76936622222388e-06
"23",53,1.72458496876734e-06,1.50287911425099e-07,2.5838734651854e-06,3.76936622222388e-06
"24",55,0.00012774012141901,5.96092038883596e-07,8.85805923863581e-06,3.76936622222388e-06
"25",56,0.000333811925617605,5.03986831870844e-07,3.17298828628739e-06,3.76936622222388e-06
"26",58,2.80367401917415e-05,2.04976690577474e-07,2.03016978547147e-06,3.76936622222388e-06
"27",61,3.76589662082331e-05,4.85565099064506e-07,2.83266896817858e-06,3.76936622222388e-06
"28",62,4.406653300971e-06,3.47055880569373e-07,2.77648909564624e-06,3.76936622222388e-06
"29",67,1.73189623868327e-05,1.94794621476131e-07,1.56278314905938e-06,1.91996224815832e-05
"30",69,6.10492299738674e-06,1.33329632603547e-07,2.38651591158732e-06,1.91996224815832e-05
"31",71,2.22033943080486e-05,1.54371700737023e-07,1.74099896283335e-06,1.91996224815832e-05
"32",72,1.61326865420722e-05,8.89079875002402e-08,5.76393904882889e-07,1.91996224815832e-05
"33",73,5.23793310469567e-05,5.08523940249022e-07,1.38559943752474e-06,1.91996224815832e-05
"34",74,2.71607398494651e-05,5.83486581998247e-07,3.70235966667625e-06,1.91996224815832e-05
"35",75,7.10750105653964e-05,5.60146594581548e-07,4.56696450331779e-06,1.91996224815832e-05
"36",83,7.76063235945302e-07,2.30784547612819e-07,2.16464632118402e-06,3.51612416020288e-06
"37",84,4.38379595718011e-05,3.52728705799381e-07,4.37261867548034e-06,3.51612416020288e-06
"38",86,0.00012080584876617,1.15689696534229e-06,2.18842668300773e-05,3.51612416020288e-06
"39",87,0.000170226423261421,5.11308995272833e-07,9.32860021231577e-06,3.51612416020288e-06
"40",88,4.3971314827155e-05,3.48229273154209e-07,1.81290793129522e-06,3.51612416020288e-06
"41",89,0.000109933322377215,4.03138025936104e-07,4.56085578227863e-06,3.51612416020288e-06
"42",93,1.18141599312901e-05,2.83255183291238e-07,4.11324371575888e-06,3.51612416020288e-06
"43",94,4.55363409314977e-05,5.41227922454477e-07,9.29695593959699e-06,3.51612416020288e-06
"44",96,6.27076576150636e-05,4.99382109700001e-07,8.6267828013799e-06,3.51612416020288e-06
"45",99,5.49117494391681e-05,2.21097820501322e-07,2.38774995122752e-06,7.82525792808899e-07
"46",102,9.24299006959428e-06,8.20699104586211e-08,9.90253570241474e-07,7.82525792808899e-07
"47",103,2.14022381484518e-06,1.36797454422816e-07,1.98170671217147e-06,7.82525792808899e-07
"48",106,1.48981438469187e-05,4.51196246425968e-08,4.3092322005306e-07,7.82525792808899e-07
"49",107,8.811624072131e-06,1.56141734558761e-07,2.16672829177456e-06,7.82525792808899e-07
"50",109,3.03741270699958e-05,2.84083504529081e-07,3.63203759967105e-06,7.82525792808899e-07
"51",110,4.54191744273654e-05,3.78263063712861e-07,2.22268211529983e-06,7.82525792808899e-07
"52",116,1.68824221939731e-05,8.04503787984996e-08,1.49368630591465e-06,1.25249466391072e-06
"53",118,0.000109823498878336,2.25985188273066e-07,3.66641177596541e-06,1.25249466391072e-06
"54",120,1.08373723337855e-05,1.82840570867401e-07,3.53393816212604e-06,1.25249466391072e-06
"55",121,1.41882960341322e-05,3.40515547595102e-07,3.85075131970898e-06,1.25249466391072e-06
"56",122,4.39293995513345e-05,1.51387263618892e-07,3.18380725802712e-06,1.25249466391072e-06
"57",123,9.42275453967057e-06,8.88314007597869e-08,1.60789507874538e-06,1.25249466391072e-06
"58",126,2.99501821905276e-05,2.21847620051947e-07,4.36038495779875e-06,1.25249466391072e-06
"59",132,5.23261637263623e-05,2.09818264007161e-07,3.10892892261926e-06,4.32815429034682e-07
"60",137,1.7141767269936e-05,1.30844786230864e-07,2.50706836677225e-06,4.32815429034682e-07
"61",138,1.31325288474668e-05,1.29814920773483e-07,2.69788637101985e-06,4.32815429034682e-07
"62",139,1.50857264545175e-07,1.18880226536087e-07,2.09513835022471e-06,4.32815429034682e-07
"63",141,3.29470496635009e-05,1.0608908336107e-07,2.36166985155461e-06,4.32815429034682e-07
"64",143,1.7141767269936e-05,1.26863602310393e-07,2.54068845268486e-06,4.32815429034682e-07
"65",150,3.99948449947064e-08,1.47088038969859e-07,3.67656970170105e-06,4.3069605552177e-07
"66",155,2.01096373669189e-05,1.85191727183113e-07,2.3702196425932e-06,4.3069605552177e-07
"67",156,8.07393848192761e-06,1.89512931665909e-07,3.31014701480296e-06,4.3069605552177e-07
"68",158,4.96357811987188e-05,1.87319326567144e-07,1.65972370303982e-06,4.3069605552177e-07
"69",159,5.19138114694177e-05,4.17520752771844e-07,4.8582569190769e-06,4.3069605552177e-07
"70",160,3.60025990411849e-05,2.18852242754361e-07,2.47281700378132e-06,4.3069605552177e-07
"71",161,5.03237273689312e-06,1.02138543134841e-07,1.98080975921044e-06,2.52886613470874e-06
"72",162,9.13012706462509e-06,1.44231927236065e-07,2.50543452843454e-06,2.52886613470874e-06
"73",163,8.83037690287357e-06,1.03762297678537e-07,2.28967993370948e-06,2.52886613470874e-06
"74",165,4.04429519219744e-05,1.49809121715821e-07,1.86431178765665e-06,2.52886613470874e-06
"75",166,2.77639011304986e-05,2.32504527310253e-07,2.9238249214472e-06,2.52886613470874e-06
"76",169,2.26073009475281e-05,2.24556325812743e-07,3.27704769650091e-06,2.52886613470874e-06
"77",170,1.47895076235039e-05,1.46076910660322e-07,2.97178719555764e-06,2.52886613470874e-06
"78",173,3.68555490624558e-05,3.51298730037878e-07,5.28010356072442e-06,2.52886613470874e-06
"79",174,4.16051011317611e-05,1.92707677247259e-07,3.15612811800534e-06,2.52886613470874e-06
"80",176,9.13762433242945e-05,4.19892472257091e-07,5.21934597962997e-06,2.52886613470874e-06
"81",180,7.42066495077703e-06,2.55249257229131e-07,4.58018493779647e-06,1.32976117980124e-06
"82",181,4.58986695183008e-06,1.99030023032486e-07,2.96807290489289e-06,1.32976117980124e-06
"83",183,1.27927967648885e-07,8.0023176509474e-08,1.95917952919205e-06,1.32976117980124e-06
"84",184,1.04773871721288e-05,2.96998077142516e-07,5.1115380228021e-06,1.32976117980124e-06
"85",185,1.23788302032424e-05,2.30139837443836e-07,3.58189201359836e-06,1.32976117980124e-06
"86",192,6.51460250057801e-05,2.59874385851997e-07,3.65955327395577e-06,1.32976117980124e-06
"87",195,1.44218188327307e-05,1.32779941544172e-07,3.03598172151291e-06,8.21354488676612e-06
"88",196,9.97439254597244e-06,1.20357168586809e-07,2.62332599175507e-06,8.21354488676612e-06
"89",199,3.74795137910019e-07,5.2250802373347e-08,1.19449162798574e-06,8.21354488676612e-06
"90",202,1.33224721042952e-05,1.51438239154752e-07,2.84031720663546e-06,8.21354488676612e-06
"91",203,6.90416353736356e-06,1.25957749430518e-07,2.45941386014902e-06,8.21354488676612e-06
"92",205,3.45136253493072e-06,9.45322903558278e-08,1.83666539488473e-06,8.21354488676612e-06
"93",207,1.57461007093652e-05,1.66274226447873e-07,2.69457765015641e-06,8.21354488676612e-06
"94",210,2.29401134284662e-06,1.35618961114306e-07,2.42185332652451e-06,4.39588700581737e-07
"95",211,1.39655931195415e-05,3.15502056929527e-07,3.45562246030848e-06,4.39588700581737e-07
"96",214,5.46557770906406e-06,1.41292804842712e-07,3.05039401672091e-06,4.39588700581737e-07
"97",216,1.51859683833051e-06,1.53709887958295e-07,3.04173551171341e-06,4.39588700581737e-07
"98",217,9.51641703110815e-05,4.4650437908006e-07,3.55584423801515e-06,4.39588700581737e-07
"99",219,3.02697185748965e-05,2.23644886196235e-07,2.44167902434304e-06,4.39588700581737e-07
"100",221,3.27846213030052e-05,3.11556558971654e-07,3.07890490499504e-06,4.39588700581737e-07
"101",222,4.49366132466383e-06,1.5100299161779e-07,4.37018151431913e-06,4.39588700581737e-07
"102",225,1.66511852408727e-05,2.33495288296216e-07,5.03218873469512e-06,3.94393583340684e-07
"103",226,1.82498079772938e-05,1.4892657946345e-07,3.13564654602508e-06,3.94393583340684e-07
"104",230,5.11785545704025e-05,5.19536143191778e-07,4.47106880186997e-06,3.94393583340684e-07
"105",231,1.28310638198386e-05,1.56283135551094e-07,2.31081656338587e-06,3.94393583340684e-07
"106",232,1.01119171366162e-05,1.62847791915364e-07,3.87023647801102e-06,3.94393583340684e-07
"107",233,6.59242004643715e-05,3.07305598454393e-07,2.45763476090128e-06,3.94393583340684e-07
"108",236,3.51170291713342e-05,2.39224031084392e-07,1.90402114476379e-06,3.94393583340684e-07
"109",237,4.96755978997698e-05,5.44389832575961e-07,2.34053741434888e-06,3.94393583340684e-07
"110",238,2.78839702526209e-05,3.19272154947444e-07,5.03640463380585e-06,3.94393583340684e-07
"111",244,1.10303797816382e-05,2.40413238701001e-07,4.75698843217576e-06,3.41314573223641e-07
"112",249,4.71022437146549e-05,4.60006500554226e-07,5.64777548114977e-06,3.41314573223641e-07
"113",253,1.67436718409108e-05,1.30515696233986e-07,1.85768938540046e-06,3.41314573223641e-07
"114",254,4.09701925720168e-06,2.55156059305726e-07,4.19853452600516e-06,3.41314573223641e-07
"115",257,9.89183104906906e-06,1.36852508306693e-07,1.99574751503837e-06,1.03280741469942e-06
"116",258,1.76547103230646e-05,1.60945380161695e-07,1.66853272173989e-06,1.03280741469942e-06
"117",259,3.86967786244125e-05,4.39007971618971e-07,6.15445690813287e-06,1.03280741469942e-06
"118",260,2.3448934536372e-05,1.91277091644545e-07,2.38998458620726e-06,1.03280741469942e-06
"119",262,1.23628706120461e-05,1.51490029037097e-07,3.04751199707204e-06,1.03280741469942e-06
"120",265,2.49926736013842e-05,2.77752539803872e-07,3.86280228683546e-06,1.03280741469942e-06
"121",269,1.86762454566294e-05,2.55923158502878e-07,4.28908956970608e-06,1.03280741469942e-06
"122",271,2.62677787997025e-05,2.03040721486623e-07,2.75187735492251e-06,1.03280741469942e-06
"123",272,2.69869491244524e-05,2.08825332065768e-07,2.42969759591353e-06,1.03280741469942e-06
"124",275,5.86053805134634e-06,9.05395806826905e-08,1.3702732965212e-06,7.16843995741495e-07
"125",276,8.2874459746928e-07,8.93653540975187e-08,1.10166430674892e-06,7.16843995741495e-07
"126",279,7.14642177636162e-06,9.60129015559868e-08,1.07262711079535e-06,7.16843995741495e-07
"127",290,1.12799464567538e-05,7.64325351972914e-08,7.21649208066084e-07,1.28061524791371e-07
"128",292,1.06627457317764e-05,7.43372235651892e-08,1.68945741355034e-06,1.28061524791371e-07
"129",300,1.89809983463583e-05,1.71323314754416e-07,8.5851642510631e-07,1.28061524791371e-07
"130",303,4.31157049590972e-07,5.48243894410294e-08,1.19471503637049e-06,1.28061524791371e-07
"131",304,1.97593426881541e-05,2.10711542674631e-07,2.7413288857732e-06,1.28061524791371e-07
"132",305,7.07613839359244e-07,1.22806532931314e-07,1.79604918886485e-06,1.49156677121901e-07
"133",306,7.68764481166004e-06,4.90210497209113e-08,1.0057487410459e-06,1.49156677121901e-07
"134",313,8.51572590513609e-06,6.7932252570527e-08,9.16462653767326e-07,1.49156677121901e-07
"135",318,2.90445905990318e-06,8.29152427729298e-08,1.40786891600771e-06,1.49156677121901e-07
"136",319,3.01087832711871e-06,7.37315819899977e-08,1.48885537416784e-06,1.49156677121901e-07
"137",321,3.45748981608722e-05,2.68430428727583e-07,2.1033818488093e-06,7.57298688138652e-07
"138",322,1.5687086340343e-05,1.95031758125513e-07,1.7173208415532e-06,7.57298688138652e-07
"139",323,2.99619519823582e-06,2.84519338398568e-07,2.61594412241498e-06,7.57298688138652e-07
"140",329,1.71408786157432e-05,1.22008873183599e-07,2.33959656579056e-06,7.57298688138652e-07
"141",333,9.44547764569942e-06,1.68900212125802e-07,1.16289914393669e-06,7.57298688138652e-07
"142",334,2.46064334072341e-05,2.86656945616568e-07,2.05714848898172e-06,7.57298688138652e-07
"143",335,5.3654985428408e-06,1.34302169473148e-07,1.94821524021834e-06,7.57298688138652e-07
"144",336,4.21169190400291e-06,1.58183990728708e-07,1.78461710149734e-06,7.57298688138652e-07
"145",337,0.000118159230993008,3.80399537393456e-07,5.70064706048896e-06,9.76936879107228e-07
"146",338,1.44378934489906e-06,9.55616441469799e-08,1.48060402637263e-06,9.76936879107228e-07
"147",342,3.66578482499117e-06,1.30916861168398e-07,2.37332203954844e-06,9.76936879107228e-07
"148",344,6.93227799031329e-05,4.91967839349856e-07,3.26874064464338e-06,9.76936879107228e-07
"149",346,2.16421012354489e-06,9.17700230191084e-08,1.53310438703373e-06,9.76936879107228e-07
"150",363,3.48918195074628e-05,1.30369386735053e-07,9.99315718480553e-07,6.21443159203564e-07
"151",371,1.51117523681722e-06,6.06303522704768e-08,1.36548208594757e-06,9.25740689384533e-07
"152",376,3.92287466670659e-06,9.89921708630076e-08,1.92973949937991e-06,9.25740689384533e-07
"153",379,2.79688998127192e-06,9.16164515336326e-08,9.50650576426119e-07,9.25740689384533e-07
"154",381,2.08835583320065e-05,1.63487893587154e-07,1.42982457691106e-06,9.25740689384533e-07
"155",382,4.53345382439536e-05,5.53039215952747e-07,1.45793151838339e-06,9.25740689384533e-07
"156",383,8.35561924350881e-06,1.14433508914127e-07,1.22644592047861e-06,9.25740689384533e-07
"157",384,2.1056799135427e-05,9.46134634620222e-08,1.51504415548565e-06,9.25740689384533e-07
"158",385,2.16809206292365e-07,5.92245301266365e-08,1.08987385791793e-06,5.88279438308119e-07
"159",386,3.71509736422211e-06,5.12428557684651e-08,6.1991529132773e-07,5.88279438308119e-07
"160",388,1.77655580575601e-07,4.5322053335875e-08,1.1156801785324e-06,5.88279438308119e-07
"161",393,2.72863027108641e-05,1.50583618744504e-07,1.45218237341661e-06,5.88279438308119e-07
"162",394,1.59843717934379e-07,5.83322620082507e-08,1.03185243821816e-06,5.88279438308119e-07
"163",396,2.92866825270971e-06,5.73257720405543e-08,1.35932933269266e-06,5.88279438308119e-07
"164",397,1.29126347340587e-05,8.50887336276184e-08,1.80607103206349e-06,5.88279438308119e-07
"165",400,3.23990913632744e-05,9.59035967023221e-08,1.41829626093525e-06,5.88279438308119e-07
"166",408,7.8511819451884e-07,4.25942824916617e-08,8.18855582018764e-07,1.79829599840649e-07
"167",409,1.55533851260245e-05,1.51012340618792e-07,2.18826353377214e-06,1.79829599840649e-07
"168",412,4.54565733005416e-05,2.51702278430654e-07,2.90844785428916e-06,1.79829599840649e-07
"169",413,7.52189995257028e-05,1.93626970686807e-07,1.21379058752467e-06,1.79829599840649e-07
"170",414,7.10380924616429e-07,5.59279272197254e-08,1.17444632574091e-06,1.79829599840649e-07
"171",415,2.48653580339449e-05,8.83282869004397e-08,1.85100678548071e-06,1.79829599840649e-07
"172",418,3.47176041119756e-06,7.83196701044566e-08,1.76990868478703e-06,7.18262580377498e-07
"173",419,5.8839374309101e-05,3.026301929205e-07,7.12931289780045e-07,7.18262580377498e-07
"174",420,4.20106936019155e-05,1.24759142887089e-07,1.46382720363394e-06,7.18262580377498e-07
"175",423,0.000174899433510783,4.9287862643431e-07,2.2495684114733e-06,7.18262580377498e-07
"176",425,4.95934217984917e-05,3.31412203124039e-07,1.42251483973497e-06,7.18262580377498e-07
"177",427,0.000117244226989585,9.42186788977144e-07,2.44082553650973e-06,7.18262580377498e-07
"178",429,8.34686262411433e-06,1.16589909164229e-07,1.24650738374714e-06,7.18262580377498e-07
"179",430,6.60243896281245e-05,4.29017047146866e-07,2.27627279635573e-06,7.18262580377498e-07
"180",432,0.000130929017947091,4.08915691249801e-07,3.27872610547137e-06,7.18262580377498e-07
"181",436,3.82075562807885e-05,2.25102004209827e-07,5.99748631381539e-06,9.24682943203643e-07
"182",440,5.86696552781026e-07,2.35930034461026e-07,5.6271381847965e-06,9.24682943203643e-07
"183",442,9.67334188530197e-07,3.21586811650106e-08,6.06985525265942e-07,9.24682943203643e-07
"184",443,2.7193439723475e-05,1.11193911907195e-07,1.19469783318468e-06,9.24682943203643e-07
"185",444,8.90897113572616e-06,1.17133325121355e-07,3.42385522770799e-06,9.24682943203643e-07
"186",449,2.85849370546791e-05,1.13585765918386e-07,2.66980426946478e-06,1.94697453894257e-06
"187",451,8.41504712257638e-05,2.12894263003008e-07,1.43793645157613e-06,1.94697453894257e-06
"188",452,9.78847966763032e-07,4.14951711187381e-08,6.5783583502377e-07,1.94697453894257e-06
"189",453,0.000188693126754572,5.31818130181558e-07,1.54001274159579e-06,1.94697453894257e-06
"190",454,8.89190903164904e-07,6.18387263825528e-08,1.44193854484655e-06,1.94697453894257e-06
"191",458,1.49004504428916e-06,3.26963044413817e-08,6.0830615358591e-07,1.94697453894257e-06
"192",462,1.85097575461688e-05,2.12920858441997e-07,1.52665803184279e-06,1.94697453894257e-06
"193",463,2.26272729443321e-05,2.26221649197458e-07,3.186213575292e-06,1.94697453894257e-06
"194",464,2.20704966661913e-05,2.66276614310794e-07,1.00188386790065e-06,1.94697453894257e-06
"195",469,6.37200999718454e-06,8.79419942646134e-08,1.31286959906979e-06,5.10216963510814e-07
"196",470,2.28895545693064e-05,1.15794786105425e-07,1.29621227208631e-06,5.10216963510814e-07
"197",472,8.09005324096108e-06,1.75054842025781e-07,3.44044090328934e-06,5.10216963510814e-07
"198",473,1.31788198654003e-05,8.46050964418642e-08,2.34142740248595e-06,5.10216963510814e-07
"199",474,2.53010070477229e-05,1.19695865652502e-07,2.40774595315402e-06,5.10216963510814e-07
"200",478,7.99588371366061e-05,3.39094023926218e-07,2.79866029353376e-06,5.10216963510814e-07
"201",480,2.22976056869682e-05,1.44615802309503e-07,1.66446911054269e-06,5.10216963510814e-07
"202",482,8.65041635642893e-05,4.6617881328162e-07,3.23543139789341e-06,2.61286003100641e-06
"203",488,1.18007733046834e-05,1.47504211730285e-07,2.94717995915479e-06,2.61286003100641e-06
"204",489,1.3604314196632e-05,1.47848282315572e-07,2.79125227936991e-06,2.61286003100641e-06
"205",491,9.94691341267662e-05,7.28011606871458e-07,4.58941497411566e-06,2.61286003100641e-06
"206",493,4.82781834792737e-05,1.89993449407798e-07,1.2912324827253e-06,2.61286003100641e-06
"207",494,9.82849299569205e-06,2.5280717877489e-07,3.0426534884642e-06,2.61286003100641e-06
"208",495,5.05482193434226e-06,1.32217432699312e-07,1.41570656670338e-06,2.61286003100641e-06
"209",497,4.29202444982905e-05,4.35267291536341e-07,3.11930081396139e-06,4.00921716844843e-06
"210",498,3.71059863677076e-06,3.19852888920956e-08,5.60041956015684e-07,4.00921716844843e-06
"211",504,1.09755435204124e-05,6.51733222520654e-08,1.04903211792149e-06,4.00921716844843e-06
"212",505,1.78985751108569e-05,1.96851804115369e-07,3.5662322416024e-06,4.00921716844843e-06
"213",508,2.39388665225376e-05,8.27000943176073e-08,8.88345262942351e-07,4.00921716844843e-06
"214",510,6.70327075302005e-06,4.35425115430423e-08,5.9277838216927e-07,4.00921716844843e-06
"215",511,9.49392604762543e-06,1.38287644511682e-07,2.74441760705738e-06,4.00921716844843e-06
"216",516,0.000159149915547753,8.37402713270298e-07,6.48790020088589e-06,2.74290126540841e-05
"217",519,2.19646997756672e-05,3.07374541583607e-07,8.4737883498304e-06,2.74290126540841e-05
"218",524,8.34658580493005e-05,3.54075487127e-07,5.7853666488562e-06,2.74290126540841e-05
"219",526,9.97531164079321e-06,1.84129718664622e-07,2.76316479447531e-06,2.74290126540841e-05
"220",529,1.47187014556965e-06,5.47457222011907e-08,8.24912895261877e-07,2.15001119135261e-06
"221",530,8.28939530003065e-09,3.44958746732309e-08,9.09692015079053e-07,2.15001119135261e-06
"222",532,2.0812468585824e-05,1.37568389776266e-07,1.64925659150458e-06,2.15001119135261e-06
"223",533,6.8571263104284e-06,7.93025331921035e-08,1.19029169922203e-06,2.15001119135261e-06
"224",536,3.29470496635009e-05,1.95782181911929e-07,3.38823861104051e-06,2.15001119135261e-06
"225",538,1.06705122734247e-05,1.81205622550221e-07,4.11784518842541e-06,2.15001119135261e-06
"226",540,1.12780944130932e-06,5.51822040455328e-08,1.62537284836556e-06,2.15001119135261e-06
"227",543,2.57929654158345e-06,1.34218228110148e-07,4.12091044088097e-06,2.15001119135261e-06
"228",545,3.4867336408161e-05,2.52125277049528e-07,2.54456227437849e-06,8.89052136118317e-08
"229",547,4.70726570948724e-06,5.05745325229583e-08,8.54821051319748e-07,8.89052136118317e-08
"230",550,1.30828681053376e-05,1.41223601451597e-07,1.66435100910338e-06,8.89052136118317e-08
"231",551,1.36572469092534e-05,1.56662722399126e-07,1.87640043620229e-06,8.89052136118317e-08
"232",552,2.25905002204911e-05,2.35660698872731e-07,3.55618334906302e-06,8.89052136118317e-08
"233",553,7.30180633990447e-06,5.79123611892365e-08,9.8041536594427e-07,8.89052136118317e-08
"234",555,1.75024733116292e-05,1.13748326516238e-07,1.30275756889483e-06,8.89052136118317e-08
"235",556,4.71913767573209e-06,4.15203751209057e-08,6.82106438779518e-07,8.89052136118317e-08
"236",557,8.93029906178586e-06,1.05391765142045e-07,6.65485682865237e-07,8.89052136118317e-08
"237",563,2.97314319566352e-05,2.14420458171313e-07,2.74316784591788e-06,8.42658504966697e-07
"238",564,3.97712012381126e-05,4.45446913598852e-07,8.84207727153468e-06,8.42658504966697e-07
"239",566,7.13633413804969e-06,1.02282304659302e-07,2.5923949563741e-06,8.42658504966697e-07
"240",570,1.92324719961383e-05,2.33399464089784e-07,2.32022710478876e-06,8.42658504966697e-07
"241",573,9.62248198425879e-05,9.67114896620825e-07,3.32560585695414e-06,8.42658504966697e-07
"242",574,1.0126546928125e-05,1.28583016626959e-07,2.19155444615454e-06,8.42658504966697e-07
"243",576,7.36082446341755e-06,1.81973871958657e-07,4.67499173404603e-06,8.42658504966697e-07
"244",577,2.46732273226487e-05,2.49617115692297e-07,4.95124574552803e-06,1.57475539411026e-06
"245",589,5.14109544435528e-07,2.85693352300126e-08,7.5305623105391e-07,1.57475539411026e-06
"246",590,4.71123962452732e-05,4.83888846482013e-07,6.30288774644419e-06,1.57475539411026e-06
"247",592,3.59221233999427e-05,2.08528792113807e-07,1.97354804147388e-06,1.57475539411026e-06
"248",594,7.766943804186e-06,1.284704491418e-07,1.53661502982429e-06,3.92474061416034e-07
"249",595,1.49821472287091e-06,8.22764725729093e-08,1.89790891587379e-06,3.92474061416034e-07
"250",597,4.69056398282753e-06,1.00274412252223e-07,1.73345528467697e-06,3.92474061416034e-07
"251",598,8.45253954947799e-06,1.2689723110635e-07,1.66604794956295e-06,3.92474061416034e-07
"252",599,2.25219636129151e-06,2.32886961165288e-08,4.71769047370667e-07,3.92474061416034e-07
"253",602,1.89353668612462e-06,4.66024853312328e-08,9.27925734384749e-07,3.92474061416034e-07
"254",604,2.08405028692125e-05,2.11880368416261e-07,2.95572526258069e-06,3.92474061416034e-07
"255",605,1.19675415750139e-06,7.74289102473245e-08,1.97670786187503e-06,3.92474061416034e-07
"256",606,9.3509222512073e-06,1.22037941293161e-07,1.83434121245105e-06,3.92474061416034e-07
"257",610,1.22127096810839e-05,1.11570229139022e-07,2.48064816208195e-06,1.48734790567138e-07
"258",616,2.60627033627276e-06,7.80996666528613e-08,2.12788901758188e-06,1.48734790567138e-07
"259",621,2.84477444827507e-06,4.17355082053982e-08,1.13345809290915e-06,1.48734790567138e-07
"260",624,1.66163367174246e-06,4.59488221504519e-08,7.75441169850174e-07,1.48734790567138e-07
"261",625,4.70882021263193e-06,1.13654533313673e-07,2.02469821623211e-06,1.57227199742155e-07
"262",629,6.50959424288062e-07,2.94259374068718e-08,7.35701006699453e-07,1.57227199742155e-07
"263",631,7.829204710952e-06,4.10466248495103e-08,6.4508861890485e-07,1.57227199742155e-07
"264",632,2.36348530068704e-06,4.41408302829638e-08,8.60149321237656e-07,1.57227199742155e-07
"265",633,4.25442465142944e-06,5.0523690485772e-08,9.70222280466428e-07,1.57227199742155e-07
"266",636,7.23911830272522e-06,6.7688410527109e-08,8.28636008867365e-07,1.57227199742155e-07
"267",637,2.68558864668465e-05,9.01891702634175e-08,1.20176259891032e-06,1.57227199742155e-07
"268",1,NA,1.15725685934467e-07,1.71422996766654e-06,1.01855128891542e-06
"269",4,NA,1.716341040961e-07,3.23789178768429e-06,1.01855128891542e-06
"270",10,NA,7.88457931537992e-08,1.52020353252022e-06,1.01855128891542e-06
"271",13,NA,1.22121539339916e-07,3.30246697401989e-06,1.01855128891542e-06
"272",16,NA,6.14947906065543e-08,3.67590150457318e-07,1.01855128891542e-06
"273",21,NA,8.14863094968649e-08,1.35434008268889e-06,2.87740840779645e-06
"274",23,NA,7.23850453693945e-08,1.54975186635384e-06,2.87740840779645e-06
"275",26,NA,1.48148407293598e-08,3.77945857402463e-07,2.87740840779645e-06
"276",28,NA,4.73820002881188e-08,1.04877431351537e-06,2.87740840779645e-06
"277",30,NA,2.78183461972552e-08,4.04475406841765e-07,2.87740840779645e-06
"278",33,NA,2.36649427363889e-07,2.97173809421923e-06,1.46704604941678e-06
"279",37,NA,1.31276469776904e-07,2.51675919013076e-06,1.46704604941678e-06
"280",39,NA,6.24733197830786e-08,1.13555265304399e-06,1.46704604941678e-06
"281",44,NA,1.75907469664112e-08,2.87073261568711e-07,1.46704604941678e-06
"282",45,NA,1.86694594011255e-08,3.82100065001071e-07,1.46704604941678e-06
"283",46,NA,6.40881363456282e-08,1.98568890435838e-06,1.46704604941678e-06
"284",48,NA,1.58545831236384e-07,4.06653585697183e-06,1.46704604941678e-06
"285",54,NA,1.43855630531795e-08,4.34044401049651e-07,3.76936622222388e-06
"286",64,NA,1.44095816022124e-07,2.37290291993599e-06,3.76936622222388e-06
"287",68,NA,2.70085455130538e-08,6.86300304418382e-07,1.91996224815832e-05
"288",70,NA,7.14176146245132e-08,1.32052721852838e-06,1.91996224815832e-05
"289",79,NA,1.7137810055029e-07,1.72063150819992e-06,1.91996224815832e-05
"290",85,NA,1.10537388210674e-07,2.31761000410048e-06,3.51612416020288e-06
"291",97,NA,1.66913469187566e-07,2.50458332101598e-06,7.82525792808899e-07
"292",98,NA,4.40888003755832e-08,5.62358622044423e-07,7.82525792808899e-07
"293",101,NA,8.92885243312462e-08,2.24283263781889e-06,7.82525792808899e-07
"294",113,NA,1.22200402970373e-07,3.08200126218536e-06,1.25249466391072e-06
"295",115,NA,1.33969860638744e-07,3.04638845346809e-06,1.25249466391072e-06
"296",117,NA,9.11262429570514e-08,2.75672575395202e-06,1.25249466391072e-06
"297",119,NA,7.82832830667951e-08,1.45646949674275e-06,1.25249466391072e-06
"298",129,NA,8.21832707445038e-08,1.88545975722232e-06,4.32815429034682e-07
"299",131,NA,9.48747767609446e-08,2.06480598368125e-06,4.32815429034682e-07
"300",133,NA,6.2776338724743e-08,1.12815396499491e-06,4.32815429034682e-07
"301",135,NA,1.09540818392488e-07,2.07369403379659e-06,4.32815429034682e-07
"302",136,NA,1.71494512775791e-07,4.2771874687077e-06,4.32815429034682e-07
"303",145,NA,4.62276850112542e-08,7.32960856382801e-07,4.3069605552177e-07
"304",147,NA,9.7170520792376e-08,2.37027110917547e-06,4.3069605552177e-07
"305",151,NA,1.52371072666773e-07,3.46462649776221e-06,4.3069605552177e-07
"306",157,NA,5.67024910167715e-08,1.4907296019156e-06,4.3069605552177e-07
"307",179,NA,1.17260911267903e-07,2.86566606444772e-06,1.32976117980124e-06
"308",182,NA,1.92712587236244e-07,4.5416903908659e-06,1.32976117980124e-06
"309",188,NA,1.99336170202508e-07,5.94317086574993e-06,1.32976117980124e-06
"310",190,NA,1.06010005178437e-07,2.69987993470102e-06,1.32976117980124e-06
"311",193,NA,3.86253253606718e-08,8.24438231995647e-07,8.21354488676612e-06
"312",194,NA,4.29720013494908e-08,9.41305060721608e-07,8.21354488676612e-06
"313",197,NA,4.59894461583596e-08,1.30279447190767e-06,8.21354488676612e-06
"314",209,NA,1.1187523827231e-07,2.7936629417701e-06,4.39588700581737e-07
"315",215,NA,1.01674502870456e-07,2.79568382716948e-06,4.39588700581737e-07
"316",229,NA,3.88103979497944e-07,1.0398852485174e-05,3.94393583340684e-07
"317",241,NA,5.8367204768927e-08,9.96764207263651e-07,3.41314573223641e-07
"318",246,NA,1.08131466559679e-07,2.55266768555474e-06,3.41314573223641e-07
"319",247,NA,7.91469210302674e-08,2.24365922112928e-06,3.41314573223641e-07
"320",248,NA,7.63562591871133e-08,1.64718855478769e-06,3.41314573223641e-07
"321",251,NA,7.09241048357599e-08,1.76201621193395e-06,3.41314573223641e-07
"322",252,NA,3.38912065495792e-07,8.09518019721784e-06,3.41314573223641e-07
"323",267,NA,1.38231217779953e-07,2.33409985059402e-06,1.03280741469942e-06
"324",278,NA,1.68393392133702e-08,4.58970521515264e-07,7.16843995741495e-07
"325",280,NA,1.24445270886439e-08,3.36534887496306e-07,7.16843995741495e-07
"326",282,NA,5.1275041584836e-08,1.43016352513113e-06,7.16843995741495e-07
"327",283,NA,4.9281795660898e-08,9.54977713296645e-07,7.16843995741495e-07
"328",284,NA,2.93316376448215e-08,4.76440113732429e-07,7.16843995741495e-07
"329",285,NA,6.10560483963041e-08,1.10126433899912e-06,7.16843995741495e-07
"330",288,NA,2.41219523164679e-08,5.93512938243995e-07,7.16843995741495e-07
"331",289,NA,2.18019133824809e-08,5.7871056034936e-07,1.28061524791371e-07
"332",291,NA,1.30055027684975e-08,2.85503946590405e-07,1.28061524791371e-07
"333",293,NA,4.60285282985009e-08,8.52210857318e-07,1.28061524791371e-07
"334",297,NA,3.23224921480631e-08,6.95086495200556e-07,1.28061524791371e-07
"335",301,NA,8.65527044106164e-09,2.17363720842128e-07,1.28061524791371e-07
"336",310,NA,8.01842116566343e-08,1.97893585718953e-06,1.49156677121901e-07
"337",311,NA,4.64676053770979e-08,1.31921020851977e-06,1.49156677121901e-07
"338",312,NA,3.29196303508132e-08,6.74941312230986e-07,1.49156677121901e-07
"339",316,NA,3.89224725195564e-08,8.79334608924221e-07,1.49156677121901e-07
"340",320,NA,8.37021342419355e-08,2.02582817133927e-06,1.49156677121901e-07
"341",324,NA,3.35342920245602e-08,1.03974109547789e-06,7.57298688138652e-07
"342",326,NA,5.41149174442351e-08,1.36800828787142e-06,7.57298688138652e-07
"343",339,NA,1.60735003199115e-08,2.10356449219034e-07,5.88279438308119e-07
"344",340,NA,2.2904684732837e-08,6.5460484243096e-07,9.76936879107228e-07
"345",347,NA,2.72619424252711e-08,7.97943247800035e-07,9.76936879107228e-07
"346",348,NA,6.1124725533258e-08,1.12515019864078e-06,9.76936879107228e-07
"347",350,NA,6.04464694577496e-08,1.38824921953248e-06,9.76936879107228e-07
"348",351,NA,1.80447963062532e-07,2.54397159039225e-06,9.76936879107228e-07
"349",356,NA,3.767884240929e-08,7.68007073764719e-07,6.21443159203564e-07
"350",357,NA,2.6674993008496e-08,6.33143396317107e-07,6.21443159203564e-07
"351",358,NA,1.07736654744568e-08,3.07977877484823e-07,6.21443159203564e-07
"352",359,NA,4.82939002792158e-08,1.29061112927375e-06,6.21443159203564e-07
"353",360,NA,2.47625956649713e-08,8.16635033507893e-07,6.21443159203564e-07
"354",361,NA,2.98654967147343e-08,4.37329975071529e-07,6.21443159203564e-07
"355",364,NA,3.02798534021126e-08,8.36018860977358e-07,6.21443159203564e-07
"356",365,NA,1.66052941362213e-08,6.09967581002755e-07,6.21443159203564e-07
"357",368,NA,4.6081250398825e-08,1.29817777374035e-06,6.21443159203564e-07
"358",370,NA,7.22067241789327e-08,1.4226380386225e-06,9.25740689384533e-07
"359",374,NA,6.62593447022935e-08,1.57452208668761e-06,9.25740689384533e-07
"360",375,NA,2.43256763417954e-08,4.59683820569726e-07,9.25740689384533e-07
"361",378,NA,2.55523592139787e-08,8.86091963253171e-07,9.25740689384533e-07
"362",380,NA,1.10751480759197e-07,2.96237798855666e-06,9.25740689384533e-07
"363",389,NA,1.07222509007769e-07,2.31975283986899e-06,5.88279438308119e-07
"364",390,NA,4.5523583930397e-08,1.10585733119777e-06,5.88279438308119e-07
"365",399,NA,1.56958537815616e-08,3.89186811224046e-07,5.88279438308119e-07
"366",401,NA,4.75697651245354e-08,2.06765581748856e-06,1.79829599840649e-07
"367",402,NA,4.49664769682421e-08,1.22749430051871e-06,1.79829599840649e-07
"368",403,NA,1.55809846191182e-08,2.79970076939013e-07,1.79829599840649e-07
"369",405,NA,1.28703053897595e-08,3.77059930114021e-07,1.79829599840649e-07
"370",424,NA,6.56313359840121e-08,1.02004918310988e-06,7.18262580377498e-07
"371",426,NA,1.88064782523861e-08,6.90824624158118e-07,7.18262580377498e-07
"372",435,NA,1.07272232641879e-07,1.39883341552249e-06,9.24682943203643e-07
"373",437,NA,7.31144021882873e-08,1.21200206232603e-06,9.24682943203643e-07
"374",438,NA,8.23691756389241e-08,1.38364090285487e-06,9.24682943203643e-07
"375",445,NA,6.18850503277475e-08,1.5414349449176e-06,9.24682943203643e-07
"376",446,NA,3.24638735836908e-08,7.04450080150084e-07,9.24682943203643e-07
"377",460,NA,8.93917477670481e-08,2.12147113324568e-06,1.94697453894257e-06
"378",465,NA,7.50489057335061e-08,2.10682360003401e-06,5.10216963510814e-07
"379",466,NA,5.03587390386738e-08,8.46793193364318e-07,5.10216963510814e-07
"380",475,NA,5.2245685660768e-09,1.39105347068581e-07,5.10216963510814e-07
"381",484,NA,3.67341370076725e-07,4.45245534257134e-06,2.61286003100641e-06
"382",485,NA,7.30426303822511e-08,2.06000235114942e-06,2.61286003100641e-06
"383",486,NA,2.84592581872675e-08,6.06332763649705e-07,2.61286003100641e-06
"384",500,NA,3.87710648445115e-08,6.44340566002304e-07,4.00921716844843e-06
"385",507,NA,9.75377377717777e-08,1.67859113837419e-06,4.00921716844843e-06
"386",514,NA,1.6321432580825e-07,2.77479226333387e-06,2.74290126540841e-05
"387",515,NA,1.35284503029791e-07,2.86765943381816e-06,2.74290126540841e-05
"388",520,NA,1.5506740389345e-07,3.45706556393299e-06,2.74290126540841e-05
"389",522,NA,7.25947851666826e-08,2.72714409609504e-06,2.74290126540841e-05
"390",523,NA,1.09888324965551e-07,3.02484438538091e-06,2.74290126540841e-05
"391",525,NA,9.26361611773522e-08,2.61927422268604e-06,2.74290126540841e-05
"392",531,NA,4.62456885272214e-08,7.93803981024878e-07,2.15001119135261e-06
"393",541,NA,1.35983796750244e-07,3.53999052911453e-06,2.15001119135261e-06
"394",546,NA,4.74666966651831e-08,8.45679582493099e-07,8.89052136118317e-08
"395",562,NA,2.97264164039402e-08,6.7296485474892e-07,8.42658504966697e-07
"396",565,NA,1.25387781443754e-07,3.81737695732514e-06,8.42658504966697e-07
"397",567,NA,6.35330752353406e-08,8.77891209052759e-07,8.42658504966697e-07
"398",578,NA,3.21566137327428e-09,9.1942057928741e-08,1.57475539411026e-06
"399",581,NA,3.15926743686245e-08,5.54847748538617e-07,1.57475539411026e-06
"400",582,NA,1.44889690915565e-07,2.8702937794669e-06,1.57475539411026e-06
"401",585,NA,3.21761902967623e-08,5.85555184741192e-07,1.57475539411026e-06
"402",586,NA,2.0704126460126e-08,4.73237863958736e-07,1.57475539411026e-06
"403",587,NA,1.57048787676328e-07,3.59968604329623e-06,1.57475539411026e-06
"404",601,NA,1.56903641266656e-08,2.53467859263145e-07,3.92474061416034e-07
"405",609,NA,2.26677077407624e-08,7.01060950935384e-07,1.48734790567138e-07
"406",611,NA,3.50455081325334e-08,9.02729844012375e-07,1.48734790567138e-07
"407",612,NA,2.53289106891345e-07,4.70443088348823e-06,1.48734790567138e-07
"408",613,NA,6.74014054118587e-08,1.15687834176779e-06,1.48734790567138e-07
"409",619,NA,8.42003564628362e-08,2.68433255599087e-06,1.48734790567138e-07
"410",620,NA,2.56832449862e-08,7.47158182406616e-07,1.48734790567138e-07
"411",630,NA,5.24427961779311e-08,1.29675155762875e-06,1.57227199742155e-07
"412",634,NA,3.84598413442997e-08,6.84312705100085e-07,1.57227199742155e-07
"413",638,NA,4.89246453432064e-08,9.86283431329306e-07,1.57227199742155e-07
