"","hhid","h_catch","d1_catch","d2_catch","h_cons","d1_cons","d2_cons","h_sold","d1_sold","d2_sold"
"1",1,2.18400999920847,0.82336434754998,5.66137122449249,2.21827673027955,0.826200735201627,5.75376427029258,0,1,Inf
"2",2,2.2829904781025,0.86616525453041,7.47190123529783,2.41753427882076,0.885013871780906,8.69670120638037,0,0,1
"3",4,1.61228769340948,0.696761895804897,3.29773859605916,1.53147733271828,0.734425618010922,3.7654234286842,0,1,Inf
"4",5,2.76078915707799,0.917611954352987,12.137683229973,2.59375722920504,0.899699655426505,9.97005547939319,0.562335144618808,0.375,1.6
"5",7,2.74161413855682,0.897769662409347,9.7818321211475,2.63643030212043,0.875210919737906,8.01352167913817,1.3687143470699,0.717611561064281,3.54122145994664
"6",8,1.93573014066019,0.7021421151943,3.35730578578547,2.03474041881501,0.765259970719019,4.26003184485851,0.871781482467982,0.401384083044983,1.67052023121387
"7",9,1.43765293204791,0.534454148038962,2.1480161315747,1.57023953628969,0.607949247509268,2.55069016867565,0.503446359573305,0.200874574221862,1.251368017763
"8",10,2.62595804033153,0.91238001133476,11.4129209011951,2.61462236064239,0.904584863628047,10.4805174317599,0,1,Inf
"9",12,1.99904743735404,0.820624799919681,5.57490667356596,1.9299204686967,0.809779913257868,5.25706836289919,0.686961576597323,0.493827160493827,1.97560975609756
"10",13,2.13353332144241,0.871702556926763,7.79438760466304,2.04722453175894,0.855360338716385,6.91373300466434,0,1,Inf
"11",14,1.83238727242965,0.808957023222813,5.23442430006887,1.93017324731915,0.82528866224704,5.72372699368825,0.693147180559943,0.499999999999998,1.99999999999999
"12",16,1.83426729800239,0.800996797087529,5.02504474985679,1.67219138165388,0.779195010915398,4.52888317490348,0,1,Inf
"13",19,2.38246248500997,0.896739620674189,9.68425650311393,2.35556470771847,0.890678224355138,9.14730843055972,2.0757295971016,0.847050754689961,6.53811660183696
"14",20,2.66802686432196,0.907091152137978,10.7632375496151,2.74633832981121,0.919400801545471,12.4070712758286,0,0,1
"15",21,2.13920498146601,0.85277463603847,6.7923078815502,1.85835790403265,0.818215533522898,5.50102007822523,0,1,Inf
"16",22,1.71098541111065,0.720273329982969,3.57491832987936,2.08510038617809,0.819397305869953,5.53701596101288,0.517492737922178,0.262688614540466,1.35627906976744
"17",23,2.25908378545726,0.859777471222799,7.13152165148081,2.38176183835996,0.884299032572015,8.64297008253128,0,1,Inf
"18",24,2.67983718239464,0.90540417809612,10.5712914151337,2.76047545935218,0.920850127232329,12.6342590964777,1.45282170719788,0.662808642856224,2.96567506495609
"19",25,2.34657938235125,0.868295249206202,7.59274053496852,2.47237029159,0.895307226391487,9.55175763839618,0,0,1
"20",26,2.70333959705698,0.908352973155582,10.9114287111313,2.73652406716377,0.911301446618004,11.2741410301623,0,1,Inf
"21",28,2.20988038953866,0.84132144697534,6.30204889658017,2.25957669299378,0.863471174878033,7.32446059728894,0,1,Inf
"22",30,2.51744750524794,0.8939294481237,9.42768734875823,2.43577798016273,0.898124286065991,9.81588213112065,0,1,Inf
"23",31,2.41537185603579,0.892711592354006,9.3206714680637,2.31866018870034,0.863451040460906,7.32338059092788,0.636514168294813,0.444444444444444,1.8
"24",33,1.52218304628559,0.685449394759318,3.17913869291346,1.80807450808177,0.784444625145019,4.63917914676342,0,1,Inf
"25",34,2.18413583595182,0.7932595544163,4.83698289987066,1.88653559636086,0.755551457422347,4.09084050759818,1.22968082462816,0.666740110183933,3.00066113732415
"26",37,1.79441360659536,0.78555656780456,4.66323444724862,1.85441054253759,0.806941218299006,5.17976955613852,0,1,Inf
"27",38,2.03051324548797,0.841504726539558,6.3093364121649,1.99019630031791,0.824320161016689,5.69217279448323,0.982459158603741,0.600727507815846,2.50455520872391
"28",39,1.21457251621393,0.656166717350312,2.90838627457378,1.16831005623147,0.655100729900207,2.89939726375953,0,1,Inf
"29",40,1.64832982283458,0.731055558329684,3.7182400714042,1.75067846116698,0.780654588158934,4.55901945523521,1.20741956716763,0.646344041440297,2.82760681899039
"30",41,1.816848693464,0.796290401993925,4.90894886538521,1.93845529676904,0.811122241118887,5.29442961375583,1.18179233048213,0.666776838297783,3.00099187250868
"31",43,0.90226310414155,0.460323757740116,1.85296279823718,1.06339848344921,0.522216492246953,2.09299815454675,0,0,1
"32",44,1.88867752507902,0.807309419984288,5.18966728896898,1.88907486641433,0.838996508439173,6.21104542706266,0,1,Inf
"33",45,2.04998283408928,0.835204082269679,6.06811147856492,1.86500956083002,0.820764244846293,5.57924393568923,0,1,Inf
"34",46,1.64594310403886,0.736242972304413,3.79136817220332,1.60792574544851,0.722679044576988,3.60593017024137,0,1,Inf
"35",47,1.49927851149565,0.698910795031103,3.32127483648343,1.59173115690298,0.7445515162738,3.91468363958597,0,0,1
"36",48,1.47964642356846,0.72307213723858,3.6110487042668,1.43568247266699,0.701155689417401,3.3462239854943,0,1,Inf
"37",49,1.6982685471156,0.686810693010287,3.19295703168067,1.92770626198827,0.796287979379979,4.90889048646409,0.68305697809639,0.357228742231029,1.55576340403109
"38",50,0.702453456213474,0.298282843324097,1.42507560273585,1.58020688155517,0.694112939350482,3.26918045463123,0.347320666405693,0.159503271861987,1.18977262673626
"39",51,1.79022751264266,0.763056735053032,4.22041960223607,1.95095301381282,0.797118191453912,4.92897814331557,1.21878555948375,0.672103133787105,3.04973942431864
"40",53,1.88047240748355,0.832336830427385,5.96433911245427,1.82236379837468,0.811282639883646,5.2989295705676,0,0,1
"41",54,0.856840995039472,0.505,2.02020202020202,0.787217517019764,0.449519422643178,1.81659451964969,0,1,Inf
"42",55,0.828617662125151,0.346905855875117,1.53117281634787,1.95629302662041,0.799805729941718,4.99514796157188,0.41326108500554,0.178074358194578,1.21665507089355
"43",56,1.33887873855979,0.584276822071745,2.40544682878514,1.96577283292118,0.791183156309562,4.78888571595527,0.542750508064952,0.357309567570801,1.55595905826739
"44",58,2.20135972901565,0.871772111211423,7.7986154918982,2.175455467592,0.861578159379347,7.22429347504857,1.52709462431989,0.772696672509289,4.39940765953313
"45",61,1.95758834401386,0.79416594726724,4.85828261516246,2.02890138923012,0.820539423880684,5.57225448409984,0.864310770566369,0.461942421499683,1.85853715282148
"46",62,1.8568008828578,0.778930821016805,4.52347090896835,1.81536640506443,0.761537388438629,4.19352951581107,0,0,1
"47",64,1.92969172330593,0.822171304346808,5.62338938789856,1.86816509652461,0.822583750599675,5.63646229350494,0,1,Inf
"48",67,2.91380794489431,0.916545683816224,11.9826037253471,2.97526252435054,0.926296858055813,13.5679426089768,2.09775710754864,0.868722572800022,7.61745580583842
"49",68,1.29713402758889,0.66375000130625,2.97397770672047,1.46373597227376,0.738560800711883,3.82498111500853,0,1,Inf
"50",69,2.50773072680098,0.870152401895606,7.7013361402036,2.64720691398814,0.903061823496281,10.3158532176602,1.23647954800083,0.678203875447831,3.10755762329848
"51",70,2.40676741677831,0.882214418363063,8.49000349705286,2.57474997869374,0.906451443111799,10.6896357705987,0,1,Inf
"52",71,2.16332493224083,0.74082963077288,3.85846577670948,2.41016180691332,0.848500879181467,6.60069837103417,1.33172218261539,0.59661949166332,2.47904888643096
"53",72,1.54652333229251,0.672613456715422,3.05449329091929,2.08048312036571,0.825452719665496,5.72910673877926,0.791085532387507,0.445384272597988,1.80305020321783
"54",73,1.9002370953109,0.783036955393437,4.60907986340892,1.88226693207485,0.803148825377818,5.07997984731008,1.77354722740701,0.76102634255663,4.18456164038486
"55",74,2.57271770541953,0.906674000959277,10.7151277273083,2.33930875208781,0.878220550327699,8.21156609502608,1.37208419437034,0.743305783296769,3.8956857417482
"56",75,1.98602960494,0.787505373197193,4.70600134716813,1.59180153515408,0.743952935584729,3.90553198601858,1.23877566115578,0.553918608863664,2.24174336762317
"57",79,1.73852931735113,0.772029710448095,4.38653651739262,1.80954819597095,0.787377144957428,4.70316325965888,0,1,Inf
"58",83,1.78398943718786,0.715725972869511,3.51773255578138,2.03037309804085,0.820345999376555,5.56625511555404,0,0,1
"59",84,1.44077576843586,0.652723011369566,2.87954581714075,1.61280438128364,0.729167146412551,3.69231423276021,0.757790938519896,0.383416217887603,1.62183960884283
"60",85,1.44676450136848,0.692958058336844,3.25688404191067,1.48637488830372,0.7007738433882,3.34195382958231,0,1,Inf
"61",86,0.804771708620789,0.445280071848128,1.80271151125153,0.911281508325801,0.526573824960286,2.11226174791902,0,0,1
"62",87,1.23841439740527,0.568975950533165,2.32005615750901,1.21176236808214,0.563693878123118,2.29196875739044,0,0,1
"63",88,1.26992479805138,0.603314962641667,2.52089165414294,1.52691098964839,0.748864047824898,3.98190697643626,0.942638708039273,0.457404835901166,1.84299467847423
"64",89,1.10456124316281,0.582830691208006,2.39710826977114,1.39299741598273,0.661305055679705,2.95250937981031,0,0,1
"65",93,1.92255487414823,0.80981396083625,5.25800949637003,2.05093226001069,0.834789454578395,6.05288238379744,0.735763039830542,0.406348439046346,1.68448980138043
"66",94,1.40843476459872,0.6842118111036,3.16667955028573,1.15500445022727,0.546827515578564,2.20666530819208,0.683812795764411,0.424824229313142,1.73859896567936
"67",96,1.18436321528781,0.622848546578715,2.65145471647694,0.960155428279693,0.491698379700994,1.96733584955278,0.773215875232326,0.515105886731756,2.06230591924468
"68",97,1.64741160999615,0.730846336623979,3.71534976510036,1.7150545563152,0.778479858592135,4.5142621959544,0,1,Inf
"69",98,1.94146767693667,0.83065972242794,5.90526964014492,1.76345619206824,0.805029216498655,5.12897359307737,0,1,Inf
"70",99,1.53267704518686,0.6355469451977,2.74383761316655,1.87292309752867,0.768977381863293,4.3285805003225,0,0,1
"71",101,1.32968404321561,0.627955757181952,2.68785237052858,1.27428578901757,0.582972448142665,2.3979231001555,0,1,Inf
"72",102,1.50016024344541,0.742182989505799,3.87872001961055,1.55537596336226,0.752752656452317,4.04453283764865,1.06973784288381,0.648695058899245,2.8465298463115
"73",103,2.59184151040488,0.874979713949901,7.99870190345967,2.54256985728634,0.871882072071963,7.80530887575463,1.95405513520432,0.843196565534115,6.37741133289758
"74",106,2.23323325113345,0.846882975667039,6.53095241601254,2.49000360436687,0.893983489791437,9.43249309030014,0.470235966642447,0.234404539812608,1.30617284454016
"75",107,1.36788617647593,0.720203920489875,3.57403149376085,1.3170257668213,0.686677745276794,3.19160220803152,0.585952618303551,0.396694214876033,1.65753424657534
"76",109,2.55095589388261,0.860186195341505,7.1523695563723,2.51591202333407,0.895373734702981,9.55782945287348,1.77681262687396,0.728444595751205,3.68248977687005
"77",110,2.30610564717942,0.847996824307812,6.57880991924165,2.62559070868728,0.911157241764543,11.2558414423575,2.01642233628142,0.811525470000975,5.30575669829326
"78",113,2.55124145497209,0.899537812044851,9.95399383941793,2.4963225289094,0.883004103389587,8.54730831569181,0,1,Inf
"79",115,2.6259642206155,0.900305077427135,10.0306010997614,2.62299478979316,0.902058124722675,10.2101373612509,0,1,Inf
"80",116,2.36993458966471,0.884312735033483,8.64399379040922,2.41087684406114,0.890465127249669,9.12951259165978,0.233848765860388,0.117224405427942,1.13279071844387
"81",117,2.2677912003934,0.847212816509815,6.54505160155817,2.25941497595819,0.845051547026873,6.45375917482332,0,1,Inf
"82",118,1.945762157151,0.741469019841675,3.8680083887339,2.20046663023582,0.830494922735043,5.89952829812216,0,0,1
"83",119,2.41931675515759,0.879782503166327,8.31825671252792,2.54273575241804,0.887241228884029,8.86848969798998,0,1,Inf
"84",120,2.6088306731162,0.891459405392941,9.21314282108206,2.50413279600643,0.872957478399057,7.8713802858946,1.25548232517875,0.6875,3.2
"85",121,2.71477394686212,0.910459870518296,11.168176836335,2.77279428428729,0.911453800060631,11.2935394255738,2.35990559830869,0.87376919041142,7.92199624845368
"86",122,2.43803034542781,0.872390208994758,7.8363892936626,2.45432523514205,0.877360020529216,8.15394787503391,0,0,1
"87",123,2.54237045332634,0.906101119146988,10.6497541921228,2.59265125992068,0.912354587666793,11.4096103079331,1.81426992868384,0.82179132037712,5.61139896281242
"88",126,2.54376856058544,0.881615752210574,8.44706976369638,2.5859486274386,0.891865307896355,9.24772596607124,1.02292976289984,0.559749288409359,2.27143301231011
"89",129,2.57339135089695,0.8949315053213,9.51760090460995,2.59674305157284,0.898467639894004,9.84907667817468,0,1,Inf
"90",131,2.78380809741328,0.914657204340726,11.7174506913559,2.80973371134686,0.917760901949232,12.1596664324149,0,1,Inf
"91",132,2.35744677524172,0.856025550089958,6.94567682408108,2.5640175275345,0.890420696520516,9.12581088076753,1.15956979673905,0.631111111111111,2.71084337349398
"92",133,2.86327600552594,0.93435452914406,15.2333433969041,2.84425430851144,0.929420097907252,14.1683392913454,0,1,Inf
"93",135,2.63490019625479,0.895223968474031,9.54416754896986,2.6394204333024,0.889656466256069,9.06260626309698,0,1,Inf
"94",136,2.28241758043289,0.860092123513454,7.14756041698742,2.29874946912727,0.864047678914788,7.35551987651041,0,1,Inf
"95",137,2.58246411564854,0.89091453531525,9.1671241708502,2.63497124193168,0.901905233612791,10.1942237779813,0.979971182083305,0.581632653061225,2.39024390243902
"96",138,2.315897988265,0.868918226195479,7.62882566337007,2.40336894409561,0.887102109140139,8.8575613980361,1.2130075659799,0.65625,2.90909090909091
"97",139,2.85577872445841,0.918863759116717,12.3249486186886,2.89785167430238,0.916566728044038,11.9856260764629,1.09861228866811,0.666666666666667,3
"98",141,2.81183888983864,0.902719332447394,10.2795347231682,2.78712552978771,0.903564038883551,10.3695757103771,0,0,1
"99",143,2.63331494142845,0.91081118547181,11.2121683115759,2.6549070376195,0.910301857334155,11.1485028594775,0.979971182083305,0.581632653061225,2.39024390243902
"100",145,2.06783952187826,0.843987392937624,6.40973841043618,2.15297814991137,0.852139128895302,6.76311449086429,0,1,Inf
"101",147,2.01362815077802,0.84372175048802,6.39884310915155,1.94773241014736,0.828709956081323,5.83805092883722,0,1,Inf
"102",150,1.91202155128635,0.804370488536613,5.11170320121744,1.95329370234776,0.817633262348955,5.48345609994668,0,0,1
"103",151,1.93495369088539,0.807661543914883,5.19916828050997,1.88323783679003,0.794580704178575,4.8680918508713,0,1,Inf
"104",155,2.39924903852144,0.878392623474025,8.22318537384452,2.4515806302263,0.88924355781551,9.02882017764959,1.6490271430574,0.785746039429481,4.66735829450799
"105",156,1.80819122048545,0.712847116531076,3.48246546550253,1.85991480368671,0.731017883891123,3.7177192835944,1.5382841954391,0.703962883229593,3.37795480144321
"106",157,2.46136506551211,0.879156050545046,8.27513503580715,2.45955631982286,0.885068697393922,8.70084978874257,0,1,Inf
"107",158,2.18767830748499,0.822981771920601,5.64913574635639,2.58846201813603,0.900824306708992,10.0831158000149,1.06372914397766,0.528792693967062,2.12220818140307
"108",159,2.27548048786684,0.866509630523949,7.49117710831872,2.3753912743414,0.883555615002948,8.58779064379378,1.83238235651996,0.804252467253253,5.10862122228521
"109",160,2.34555804280534,0.876732371382731,8.1124299316642,2.28929661102263,0.864623895011537,7.38682797887576,1.74809816836443,0.789984320927138,4.76154925391577
"110",161,3.03133512807708,0.93646128678657,15.7384364496169,3.07250166002062,0.939727821405267,16.591402921138,1.55632737907052,0.780344527926291,4.55258405610962
"111",162,2.42046192318057,0.860514848701663,7.16922188987096,2.54681298797671,0.882558096555701,8.51484836904303,1.24482557329278,0.675381105281993,3.08053541020368
"112",163,2.63440018221899,0.902580434886133,10.2648785059877,2.68250048120652,0.910731453694721,11.2021539656333,1.27832457529816,0.688291480578934,3.2081253404857
"113",165,2.29217291801847,0.833771966073042,6.01583244640557,2.7999503708158,0.920989962832067,12.6566197896419,1.03972077083992,0.625,2.66666666666667
"114",166,2.69457896354545,0.90498480068105,10.5246319238164,2.67971637952669,0.892248670715697,9.28062796665357,1.81059264504228,0.800804617128413,5.02019668118844
"115",169,2.71816482999492,0.911020150259478,11.2384995357504,2.82608654322461,0.926111959540018,13.5339899904587,1.75337175792555,0.774492494748507,4.43444221018174
"116",170,2.56773270027951,0.875565187942642,8.03633632314283,2.61783965311637,0.886030668983388,8.77429033828619,1.43632697662859,0.728640216457105,3.6851444489818
"117",173,2.34200266251475,0.832108565689277,5.95623001319567,2.47252015480881,0.852620449395788,6.7852018539906,1.73392295910927,0.792465462653283,4.81847509713217
"118",174,2.1818666036696,0.816552642764055,5.45115511647208,2.31007036807431,0.847021354412666,6.53686007063718,0.921493430867962,0.5390625,2.16949152542373
"119",176,1.56021033575411,0.708612759038092,3.43185925608434,1.92077920573061,0.808665034964118,5.22643626486391,0.673011667009257,0.48,1.92307692307692
"120",179,2.35683794849159,0.870274156992883,7.70856428310229,2.36912595608744,0.87046228559285,7.71975948917007,0,1,Inf
"121",180,2.22087040235475,0.827293989988542,5.79018645577913,2.16950396992515,0.794083234271713,4.85633113196587,1.68567695219851,0.802003913065607,5.05060486539491
"122",181,2.12443506931677,0.826396937619904,5.76026704995873,2.12764602481131,0.798435619154686,4.96119401556086,1.77339922697903,0.801676528127006,5.04226751657716
"123",182,1.97159048271794,0.826084390970968,5.74991517772891,1.96685908635746,0.824109324148503,5.68534969326226,0,1,Inf
"124",183,2.27487576704578,0.872354727308415,7.83421100455624,2.29881963631956,0.874245374009319,7.95199375070388,1.09861228866811,0.666666666666667,3
"125",184,1.64440860995398,0.688357158303395,3.2088014425614,1.67380140246628,0.70258746881848,3.36233310690486,0.721660509604182,0.413665199441415,1.70551022904888
"126",185,2.14944016310408,0.839630692355421,6.2356071413382,2.28550490787513,0.858615561407817,7.07291417610996,1.3636364331011,0.702606533559375,3.36254865303052
"127",188,1.83242043986899,0.785785642912535,4.66822118552817,1.8148255960193,0.782656957032048,4.60102143755968,0,1,Inf
"128",190,2.39708969055829,0.861069803457517,7.19785924792967,2.37385953924341,0.859684549147866,7.1267988943984,0,1,Inf
"129",192,2.07378824905853,0.822032608855345,5.61900690664832,2.15321850157947,0.824418685402545,5.69536685775842,1.27360596162862,0.703208926626084,3.36937357526295
"130",193,2.28283176326161,0.872153421540191,7.82187534502043,2.16355523153847,0.83901533888747,6.21177193584295,0,1,Inf
"131",194,2.56765294253838,0.894849667052564,9.51019337713262,2.56148569383795,0.896612512646287,9.67235035492027,0,1,Inf
"132",195,2.4242545974746,0.856596086576592,6.97331039389032,2.39488758386145,0.847434838644271,6.55457636011899,1.15374194270109,0.612244897959184,2.57894736842105
"133",196,1.92738044123189,0.789541332459858,4.7515268042323,2.01234414202603,0.8164300802868,5.4475155927635,0.845146856252348,0.484953706481482,1.94157304417927
"134",197,2.25637461465324,0.865632871129786,7.44229640395088,2.23548759822446,0.860686796645366,7.1780705340212,0,1,Inf
"135",199,2.65165250971176,0.905607553398442,10.5940680213654,2.66050042384136,0.89793375485619,9.79755842483486,0.693147180559945,0.5,2
"136",202,2.7357792210178,0.896578809803777,9.66919833452583,2.70817979334435,0.894665308837802,9.49354850682728,1.8404175162827,0.795037427329455,4.87893953989048
"137",203,2.60914420348035,0.880621970197443,8.37675074428629,2.59912522199601,0.877177834465519,8.1418528622121,0,0,1
"138",205,2.45018958110334,0.846158532749195,6.50019801468556,2.59680580745446,0.885905896845322,8.76469486459167,1.27078665610509,0.646616077231563,2.82978351750109
"139",207,2.86528209802242,0.927751595399762,13.8411360850549,2.84979798727529,0.923958421600304,13.1507001964599,2.13802662300295,0.874720464423889,7.98214964161061
"140",209,2.59511709529037,0.900491982821689,10.0494415259835,2.56995610920161,0.894937120782512,9.51810960681866,0,1,Inf
"141",210,2.7041253300733,0.911238617661822,11.2661607295618,2.55481648393922,0.885690592474566,8.74818636232977,1.40094427959165,0.706554539056738,3.40778827106598
"142",211,2.61986900947337,0.904923983557989,10.5178996493813,2.69146286188991,0.906487802402978,10.6937921008911,2.01995017325712,0.807836269490601,5.20389564330969
"143",214,2.31519153542949,0.866502332107448,7.49076756011099,2.31822985900541,0.863275642568209,7.31398573585457,1.26450042791683,0.686602721485541,3.19083817428193
"144",215,2.10610328615012,0.833615072763096,6.01015979395879,2.08689617611497,0.829630337646378,5.86958960994115,0,1,Inf
"145",216,2.58150075781898,0.904852021179552,10.5099447449859,2.55685397179448,0.898139698298124,9.81736734814304,1.28163550205318,0.611571490917457,2.57447632348607
"146",217,2.45595667724419,0.88624983413198,8.79119597205914,2.4911309396782,0.879257985926239,8.28212124562626,1.45971483429094,0.735865433501163,3.78594900794403
"147",219,2.30669185179552,0.876474571239736,8.09549912140588,2.47625524765759,0.897219592828931,9.72948081763857,1.75163332256117,0.813435209077068,5.36006818356788
"148",221,2.81770575129122,0.918263979204895,12.2345079962578,2.84680266856692,0.912991017435583,11.4930662389903,1.67709991127432,0.7566256078163,4.10889572656929
"149",222,2.04153184126445,0.834747134482227,6.05133228320601,2.01464432928469,0.834304819683613,6.03517856156435,1.03972077083992,0.625,2.66666666666667
"150",225,1.85090274397331,0.789224795596795,4.74439108163329,1.83078779007588,0.78172527270101,4.58138242743152,1.49770495662572,0.759061589925129,4.15043827876698
"151",226,2.23566082037739,0.844096897923447,6.41424055506585,2.22693174574661,0.840133478142319,6.25521834327661,1.06067412579059,0.642821889679202,2.7997236423639
"152",229,1.9500874686721,0.810614418675383,5.2802330198831,1.90130321229125,0.801895549089595,5.04784216308325,0,1,Inf
"153",230,2.51043774978015,0.886810713396837,8.83475839463463,2.48416811578069,0.879024618254471,8.26614461199627,1.77816011302508,0.819731539395171,5.54728207388493
"154",231,2.41455213211193,0.860905877630904,7.1893763946864,2.54274737476395,0.88415366779308,8.63212482389036,1.58315552569557,0.753481413381572,4.0564892640239
"155",232,1.94736682632298,0.794683885328082,4.87053829943128,1.9643375240606,0.794975319137655,4.87746156118349,1.33971032942716,0.726640834782133,3.65819086110759
"156",233,1.67510996536312,0.664753089420829,2.98287610845512,2.39692800226432,0.864972052111998,7.40587423301022,1.33434357757319,0.685435803646442,3.17900133451945
"157",236,2.41318168954532,0.876807555443618,8.11738092868453,2.56834347983774,0.878863513377435,8.25515109345863,1.76427698952499,0.803552400881135,5.09041599126355
"158",237,2.35271306930034,0.876156538436343,8.07470969701529,2.8265188469523,0.925165502904934,13.3628211428968,1.75227144680477,0.769159158725539,4.33198906432262
"159",238,2.06926387184526,0.842743737405745,6.35904722332207,2.00637316871173,0.816152133631376,5.43927987717273,1.46127636181134,0.722550177853693,3.60425532899665
"160",241,2.47223760069606,0.881467896812779,8.43653299916992,2.55895258255539,0.894084699970245,9.44150655966672,0,1,Inf
"161",244,1.65564953456759,0.763226632978125,4.22344798563265,1.70792540978891,0.768070584424222,4.31165661982738,1.22062436459109,0.660012314839337,2.94128300419895
"162",246,2.43186546325957,0.873747218878101,7.92061759839162,2.48115739036007,0.883746624312632,8.60190075417016,0,1,Inf
"163",247,2.00758673359939,0.836384232436073,6.11188038224547,2.066726826758,0.849438828839021,6.64181868597985,0,1,Inf
"164",248,1.9130234029845,0.810964256330759,5.29000484559002,1.9662310411072,0.816689009229174,5.45521027296279,0,1,Inf
"165",249,1.82477793492567,0.781939623744503,4.58588587790164,1.9656454182551,0.823504399834725,5.66586361962322,1.45159764247379,0.744791554115029,3.91836561886641
"166",251,1.2197459150097,0.548424105339749,2.21446718441949,1.3643501915788,0.621068489269506,2.63899932225807,0,1,Inf
"167",252,1.46509738488992,0.704740659327471,3.38685305508792,1.55511244882775,0.734289332946097,3.76349211376273,0,1,Inf
"168",253,2.79071375227118,0.906618149994548,10.7087190920036,3.09046173622508,0.941692542123323,17.1504647332601,1.54958071681377,0.71980978860029,3.56900405265563
"169",254,1.97878194359418,0.828730633017213,5.83875574258708,2.00807358649274,0.827299029276825,5.79035540919406,1.28179001477135,0.695820518794227,3.28753272915051
"170",257,2.26322781861814,0.856430154643327,6.9652509377278,2.46840169506443,0.883019836330833,8.54845786357518,1.57271571823683,0.769702570947639,4.34221087102382
"171",258,2.3041838336588,0.858871884255132,7.08576030170914,2.38112659806732,0.865634073734406,7.44236301414211,1.85168831571784,0.825780342700626,5.7398804216543
"172",259,2.20052560079639,0.851404346311045,6.72967193302459,2.24971504355216,0.860800974630541,7.18395834558342,1.23081450475662,0.627204573362875,2.68243634054392
"173",260,2.20477655955447,0.837620055536254,6.15839599713168,2.34279703861411,0.865554256269014,7.43794464777486,0.966885584517182,0.504071481776061,2.01641963156562
"174",262,2.58673828306335,0.907890031898504,10.8565882782425,2.53330616838646,0.901858658680453,10.1893859056197,0,0,1
"175",265,2.21462646972176,0.848148582117755,6.58538467369112,2.32397154187232,0.866757922938385,7.50513668094182,1.62549445654473,0.762642998424964,4.21306299525303
"176",267,2.33856996758856,0.871294171346978,7.76965589255399,2.40568748347168,0.877885466592617,8.18903345979241,0,1,Inf
"177",269,2.38512485100887,0.874110359487774,7.9434653711866,2.46233511931039,0.888224267135498,8.94648573865521,1.03619878481928,0.628099173553719,2.68888888888889
"178",271,2.57976765368091,0.893055955153014,9.35068428944117,2.67069570334831,0.910382582301741,11.1585451320076,1.19899990578972,0.642987537003527,2.80102266348578
"179",272,2.41435037280359,0.874491120841885,7.96756378279987,2.47849564404962,0.882593613305175,8.51742420622572,1.59799849138288,0.769742976076581,4.34297283514179
"180",275,2.57711414932953,0.8952375,9.54540031022551,2.7212064726149,0.920334722255804,12.5525200980405,1.57275742473123,0.711859746049809,3.47053209779173
"181",276,3.07535849678364,0.93289170320787,14.9012871403595,2.99556066441903,0.929425195536043,14.1693626726334,0,0,1
"182",278,3.07087523369532,0.92484301568891,13.3054833049287,2.78706618380729,0.897577623121667,9.76349144081957,0,1,Inf
"183",279,3.17720947880612,0.933910084732785,15.1309015294814,3.04085996706827,0.908645436241607,10.9463606289524,2.42322147762452,0.864551980992908,7.38290605747168
"184",280,2.56345330121706,0.878462282012211,8.22789843808379,2.55532663389515,0.875885728745283,8.05709117807833,0,1,Inf
"185",282,1.6234489218219,0.652471293437827,2.877460138163,1.65906049903873,0.662521288699818,2.96314987143149,0,1,Inf
"186",283,2.65021909345508,0.893239132708576,9.36672795351417,2.79743169309857,0.91095872718501,11.230746915285,0,1,Inf
"187",284,2.97487566809619,0.905375282065611,10.5680632062056,3.01105461169738,0.919893805908293,12.4834291697242,0,1,Inf
"188",285,2.55845232932485,0.862488299602866,7.27210846140363,2.64694925649543,0.881563488707299,8.44334225219302,0,1,Inf
"189",288,2.89893727558641,0.93697510071988,15.8667449122831,2.53585307294378,0.911050020927988,11.2422735837905,0,1,Inf
"190",289,2.71338260174179,0.912993963760029,11.4934554338495,2.72973686361385,0.914995319622464,11.7640581149019,0,1,Inf
"191",290,2.61377073885562,0.855703367784045,6.93016867159726,2.8787150543937,0.912229295822807,11.3933231979224,1.37194759846393,0.703607784099906,3.37390776934936
"192",291,3.59077597701084,0.962772102452187,26.8615760187817,3.49356452105891,0.959452653985615,24.6625266088991,0,1,Inf
"193",292,2.94480391097113,0.893985174146788,9.43264295302054,2.79924600122901,0.855723502364716,6.9311358148428,1.2790997988635,0.698347107438017,3.31506849315068
"194",293,3.1375378299041,0.935584919005749,15.5243148741712,2.90078953014496,0.910368918990554,11.1568441297122,0,1,Inf
"195",297,2.77221770459902,0.923772375531424,13.1186037472838,2.64482373400322,0.910848472380768,11.2168577107397,0,1,Inf
"196",300,2.9767978277812,0.902391194091493,10.2449772916733,3.32659125107097,0.942613351565713,17.4256560939448,2.34276047636127,0.840576688623591,6.27260838685589
"197",301,2.91727447685232,0.918834547502459,12.3205128441845,2.93757530263528,0.921698521803171,12.7711509798866,0,1,Inf
"198",303,2.91591153309145,0.914232642311969,11.6594474512947,2.86996726675326,0.909085232061963,10.9993131223912,0,0,1
"199",304,2.81400133965276,0.887313354513655,8.87416601749119,1.83048083831469,0.657800278007639,2.92227005380888,2.81248156904658,0.910353698814868,11.1549499173966
"200",305,3.53342566649288,0.95592323292983,22.6876893763103,3.51461895332053,0.95282160077139,21.1961409532855,1.18882260015701,0.653558909346224,2.88649362612524
"201",306,2.91052952780953,0.910850704891704,11.2171386076046,3.02228755792366,0.927106772068521,13.7186955273818,0,0,1
"202",310,2.60265905784129,0.887859107808167,8.91735370081911,2.63196460306291,0.878693646231987,8.24359127892346,0,1,Inf
"203",311,2.80614678802943,0.919888283153525,12.4825685850222,2.78579899574057,0.917068753950276,12.0581812963526,0,1,Inf
"204",312,2.82160053923878,0.916875627480323,12.0301659993077,2.66905598846549,0.894576809850952,9.48557901336691,0,1,Inf
"205",313,3.25536486823053,0.941070870400125,16.9695362342857,3.30805024952798,0.948937707693673,19.5839229856919,1.53206351416847,0.725618344713582,3.64455852180108
"206",316,3.1526018978167,0.944981402824026,18.1756724331147,3.156626596433,0.943877521916203,17.8181725779624,0,1,Inf
"207",318,3.34429001661279,0.95007282114288,20.0291709423792,3.27584844132219,0.945959523885847,18.5046482175255,1.65402037308518,0.700075867973233,3.33417652405093
"208",319,3.00328045069913,0.926301245360985,13.5687503119709,3.01690244495601,0.924544437584336,13.2528334291814,1.26997848287829,0.683287159270197,3.15743434240208
"209",320,2.7660787796241,0.896800983455563,9.69001482266456,2.68700418528945,0.88974892474562,9.07020632399933,0,1,Inf
"210",321,2.89747032048978,0.883951505389858,8.61708722167783,3.25547855266948,0.940049515414738,16.6804323087297,2.0011916493546,0.754956908390268,4.08091488493236
"211",322,2.81851050721595,0.869416463597984,7.6579332092936,3.07929738442398,0.911249738437229,11.2675724261693,1.69431553166513,0.692616119230244,3.25326102818334
"212",323,2.41466553380229,0.791109727522928,4.78720233422913,2.79219052702521,0.8961190004185,9.6263994765996,1.02854602781547,0.625197700083662,2.66807327549275
"213",324,2.54976059893076,0.897075070789711,9.71581916716089,2.42957173345434,0.888841446605126,8.99615881512648,0,1,Inf
"214",326,2.95297753706826,0.920607368669667,12.5956273679764,2.97286921260453,0.920544979379032,12.5857370897982,0,1,Inf
"215",329,3.14287269422421,0.920138298874858,12.5216466204873,3.10969119436343,0.909660219911439,11.0693207247094,0.528819102890255,0.267615747643105,1.36540347062609
"216",333,3.03745533420415,0.924002042987608,13.1582484491911,3.02302979785804,0.918727390211805,12.3042683458315,2.49018550946589,0.844102819591526,6.41448419644186
"217",334,2.99488500616919,0.905527338623973,10.5850728182593,2.9404327727298,0.895307871506223,9.55181649649469,2.24302926305033,0.812321159192319,5.32825115338773
"218",335,2.81687443463464,0.886411880641747,8.80373762370373,2.73527989390443,0.859371464156306,7.11093231541202,2.30661208410678,0.842681675234195,6.35653857545629
"219",336,2.97426608757975,0.917062518559,12.0572747402679,2.75328154080683,0.907169090170313,10.7722740392683,2.46734229039829,0.895220675168347,9.54386756744882
"220",337,1.63334385304039,0.653167474694605,2.88323593388329,2.00097456500029,0.768478421003449,4.31925181373654,0.735600674447533,0.406235164555522,1.68416844566321
"221",338,2.74347697930792,0.886379713957285,8.80124522503013,2.8152003348047,0.911512754468617,11.3010637182207,2.42119788929749,0.878349169156161,8.22024800869371
"222",339,0.546040577128282,0.256530497548676,1.3450450848392,1.14323625226114,0.627579440346039,2.68513639775731,0,1,Inf
"223",340,2.45454271974724,0.88743724714567,8.88393340285595,2.45385078277969,0.887110152196526,8.85819247219527,0,1,Inf
"224",342,2.22927721005658,0.825911093339468,5.74419139727249,2.18101652429588,0.828786175198062,5.8406498491393,1.40925932022077,0.718718752637856,3.55516057105834
"225",344,2.25757961953329,0.843474697987636,6.38874346283649,2.20965866037421,0.836574825452274,6.11900830314222,1.69473001059644,0.790116736453823,4.76455331932641
"226",346,2.81769646748666,0.895973671190107,9.61295098500964,2.6232223711484,0.875779244346758,8.05018448600864,1.83107722891624,0.818306209120786,5.50376540200416
"227",347,2.43630858842699,0.873670975117599,7.91583724271518,2.45061833009845,0.876719945713789,8.11161226193467,0,1,Inf
"228",348,2.36704771067303,0.856981930705929,6.99212347737558,2.39394972489533,0.874359738010486,7.95923205002122,0,1,Inf
"229",350,1.78877083059886,0.726641887310797,3.65820494647971,1.92301796988086,0.773274045302314,4.41061104509799,0,1,Inf
"230",351,2.14296996099053,0.790553378781631,4.77448618737755,2.15713726326906,0.784526987866315,4.64095243342852,0,1,Inf
"231",356,2.85877405654185,0.911903472492205,11.351185208878,2.94138048149681,0.920316299299937,12.5496179421195,0,1,Inf
"232",357,2.28989640286759,0.855389174817306,6.91511163660571,2.36995872916069,0.876788581354283,8.116130882929,0,1,Inf
"233",358,2.3247775076599,0.843321755998754,6.38250706966083,2.30999439506214,0.839886423323632,6.24556655817678,0,1,Inf
"234",359,2.48207304246376,0.851283461971373,6.72420171459012,2.47858567985436,0.848795552596071,6.61356208212972,0,1,Inf
"235",360,1.57037747208556,0.749996697851624,3.99994716632385,1.57037745796978,0.749996692161525,3.99994707528466,0,1,Inf
"236",361,2.74205738321561,0.901704546088843,10.173410470273,2.85630362804388,0.915972184129555,11.9008210512316,0,1,Inf
"237",363,1.91071123771844,0.705137031125855,3.39140585817959,2.51426392014875,0.863121746579105,7.30576242030971,0.341056119554283,0.124010231321468,1.14156584443736
"238",364,2.25649749138996,0.854191953705111,6.85833207021752,2.25584737704398,0.855455928203027,6.91830517549418,0,1,Inf
"239",365,2.75017383846455,0.912627315329958,11.4452246005309,2.37972843984424,0.858840717340887,7.08419581881065,0,1,Inf
"240",368,2.08730326462353,0.826674852021979,5.76950322365688,2.0894783831326,0.82697660247384,5.77956515880348,0,1,Inf
"241",370,2.55262372965216,0.884507036151471,8.65853612789365,2.69116980039297,0.903810819198601,10.3961796084395,0,1,Inf
"242",371,2.98129461640468,0.913827493529367,11.6046293760852,3.01263843844404,0.916245363168713,11.939637467647,1.82226183889052,0.820455980310417,5.56966476371042
"243",374,2.34864970018028,0.839215967437535,6.21952307118243,2.2705662612992,0.819070354302832,5.52701021519578,0,1,Inf
"244",375,3.48417117092465,0.958417650006235,24.0486648818535,3.26843281985171,0.951738086739376,20.720272621597,0,1,Inf
"245",376,2.64514755111689,0.871583407896264,7.7871557219973,2.71162413867494,0.881914114927082,8.46841262512025,1.09337471593024,0.663265305081216,2.96969696051423
"246",378,1.16828245053347,0.6400000012,2.77777778703704,1.16828245489089,0.640000002268041,2.7777777952781,0,1,Inf
"247",379,3.30898819001502,0.942866733964588,17.5029377697433,3.34300383998009,0.936542299004615,15.758528662624,1.64826327023569,0.747315267693854,3.95750068028815
"248",380,1.1650215160687,0.484793227267805,1.94096827317874,1.0864797817254,0.447642350366604,1.81042120203044,0,1,Inf
"249",381,2.53752286517018,0.855270061638168,6.90942047871223,2.65294195183497,0.894864908170003,9.51157204120768,1.76061776031235,0.66285602305587,2.96609184320595
"250",382,2.70563919656481,0.914809719050062,11.7384282437999,2.68572750559398,0.897861367135579,9.7906146964724,2.62498279567452,0.912341852432241,11.4079526860525
"251",383,3.11259894249175,0.945905832928589,18.4862815001824,3.13971407662104,0.94667643619426,18.7534352288049,2.54991575098715,0.900319854626468,10.0320880979125
"252",384,2.58176872401613,0.856851671538555,6.98576092887691,2.56439678673799,0.837545852087909,6.15558305437132,1.16069056875027,0.649553331782941,2.85350123340485
"253",385,2.91334355242899,0.918520376883922,12.2730071858012,2.89734055522765,0.915872376552188,11.8867021201466,0.693147180559945,0.5,2
"254",386,3.13986991346031,0.913982828524093,11.625585715523,3.11678753502508,0.930017475490077,14.2892816028409,2.22619895954949,0.826270780084747,5.75608409735456
"255",388,2.80221535542133,0.91916795630785,12.371331396847,2.65245005213135,0.900432676332333,10.04345565557,0,0,1
"256",389,2.02836689088504,0.7409140265404,3.85972264977106,2.1690685230624,0.782183956856998,4.59103005256354,0,1,Inf
"257",390,2.76291314275044,0.907343730583899,10.7925778395977,2.68324582293405,0.89420474929526,9.4522201454096,0,1,Inf
"258",393,2.25827566404307,0.800124658362145,5.0031184027285,2.61779052008048,0.884101482763777,8.62823808143991,1.27415812309932,0.599058650008589,2.49413037597999
"259",394,2.86506247634197,0.910125772127628,11.1266602637196,2.92205823785859,0.91904953052567,12.3532328656489,0.617034297842261,0.425838714464977,1.7416708949092
"260",396,2.24768705087062,0.833176110086386,5.99434529741411,2.51141841560815,0.882677585983753,8.52352049167278,1.14757064846495,0.572703870237583,2.34029734965307
"261",397,2.53641742343095,0.834063616445669,6.02640589471795,2.44784476350134,0.814168251443803,5.38121180998085,0.524714871722126,0.341261051795171,1.5180520337004
"262",399,3.37118892896123,0.95233487840569,20.9797010172605,3.36595583862407,0.951979219880716,20.8243180872111,0,1,Inf
"263",400,2.75680691788953,0.872964087360366,7.87178978937021,2.65381674976646,0.893021879180226,9.3477057956991,1.18527578568291,0.58356290234125,2.4013230464387
"264",401,2.27962982672024,0.895138839518759,9.53641935117528,1.23953745138299,0.686243786007159,3.18718787199165,0,1,Inf
"265",402,2.77200475629905,0.90081598929843,10.0822702462482,2.76718725640517,0.899460389005093,9.94632851772875,0,1,Inf
"266",403,2.91182437366749,0.938635385140143,16.2960364419099,2.82314996630435,0.92894349425797,14.0733067233913,0,1,Inf
"267",405,2.88003584366386,0.930052416114411,14.2964194679786,2.88225143710404,0.930275379076748,14.3421360598106,0,1,Inf
"268",408,3.20030619037457,0.925951143037341,13.5045973836474,2.97422895312086,0.904564334222529,10.478262941359,2.82635938981595,0.927058643046717,13.7096434967678
"269",409,2.11450963145461,0.802724045144822,5.06904148928901,2.26506773011575,0.815809902924661,5.4291735325541,1.69069920776912,0.788695825352461,4.73251416668898
"270",412,2.07367328871342,0.787598538687325,4.70806553693106,2.22105855047605,0.808658855510385,5.22626747460621,1.43501195010676,0.699240102440811,3.32491135991028
"271",413,2.29189973374198,0.851507645286869,6.734353441508,2.76384683614148,0.924304075717533,13.2107509021014,1.42149032334065,0.711096779610523,3.46136674645536
"272",414,2.18676922158835,0.853109093313526,6.8077733506977,2.32967184206175,0.882400990336393,8.50347297022743,1.29684413485909,0.70500000328,3.38983054616489
"273",415,2.30305414441565,0.850298346384353,6.67995293203281,2.29925091743253,0.82712693893471,5.78459127083035,0.668318428598965,0.475377427533336,1.906132241505
"274",418,2.79158204840628,0.904090943069587,10.4265439782767,2.73281067052437,0.899780114374558,9.97805968106336,1.83759949464376,0.793863638637741,4.8511577161422
"275",419,1.71991724052261,0.710411320850596,3.45317366320139,2.13615149447485,0.844942178110005,6.4492070623141,1.37675533117279,0.649688158257468,2.85459947635732
"276",420,2.20182190413982,0.814630767432878,5.39463850689408,2.65635747710256,0.885251726810938,8.71472809313983,1.37719132463552,0.705046142361633,3.39036081103257
"277",423,1.43824717211159,0.563817958594174,2.2926207525119,2.0351359754423,0.778553330340763,4.51575994138364,0.676546896153901,0.376197585148686,1.60307170378357
"278",424,3.12958925354977,0.93727432507952,15.9424350757125,3.1593903233205,0.945252832281096,18.2657850929281,0,1,Inf
"279",425,2.50023780202291,0.82929864169994,5.85818419934417,2.84752970923435,0.923724071194765,13.1102959434743,1.75070767176294,0.678661440177601,3.11198257860088
"280",426,0.632356914090765,0.355381102031809,1.55130419407801,0.632356904824188,0.355381095820263,1.55130417912965,0,1,Inf
"281",427,1.69947342440631,0.552559638418545,2.23493472172593,2.8782103973541,0.907658610640633,10.8293800530581,1.13288029149929,0.402824874837308,1.6745506600389
"282",429,2.13161113945739,0.818151681832656,5.4990885265145,2.01373332598051,0.765773533412085,4.26937234962155,1.90227219856062,0.794591978463936,4.86835904713889
"283",430,2.73286501363011,0.889849003888051,9.07844717975747,3.06843449817524,0.91984095414741,12.4751983929421,2.2044487906915,0.845287774658413,6.46361331686693
"284",432,1.60540617161244,0.637728372103993,2.76035969421005,1.90822230823103,0.776192898159049,4.46813345856492,0.790606332371425,0.365195834075808,1.57528896891237
"285",435,2.33888567173749,0.730473120597327,3.71020509055054,2.5823295060179,0.818089280538352,5.49720216026539,0,1,Inf
"286",436,1.99040723929909,0.800175830434331,5.0043996288015,1.86535474736472,0.720962225793576,3.58374418246409,0.584093755291542,0.394972518894268,1.65281748553376
"287",437,2.09200517738377,0.766302793392459,4.27904130527049,2.3328118401566,0.837835375085739,6.1665730150994,0,1,Inf
"288",438,2.75557600821839,0.855769660368019,6.93335398468594,2.89542654432568,0.899403266456033,9.94068062421668,0,1,Inf
"289",440,2.01519772626046,0.804626702849115,5.11840673512159,1.95027040912561,0.783350101477403,4.61574183426491,0.503892069159221,0.323025161029452,1.47715977379701
"290",442,3.32515599549521,0.930259681569482,14.3389078585337,3.10185720981622,0.901618158635307,10.1644773682685,2.70828541704346,0.902110653375118,10.2156162491518
"291",443,2.36909013191872,0.870756201992614,7.73731517811671,2.6094091168891,0.884634714604041,8.66811880686449,1.19664900452223,0.663844843149656,2.97481677618648
"292",444,1.96584517762262,0.702098832237629,3.35681799272999,1.42418585131702,0.527072479581536,2.11448891600802,1.6946738137169,0.800422813919062,5.01059274176985
"293",445,2.45753607710523,0.853466311609116,6.82436926949155,2.36339446128258,0.832960485247533,5.98660742927734,0,1,Inf
"294",446,3.26525828876763,0.949074685920591,19.6365995591245,3.19970435636433,0.943219914835886,17.6118087373357,0,1,Inf
"295",449,2.73937789192998,0.873719714822097,7.91889247471372,2.61601205337727,0.843344144976398,6.38341924627931,0,0,1
"296",451,2.9263289292218,0.904639269913905,10.4864968954953,3.04242975599054,0.924360496492721,13.2206050229265,1.44924938876689,0.70494889029056,3.38924331104797
"297",452,3.68201294048231,0.962960074972695,26.9978948192479,3.62804365098023,0.960784319233068,25.500003581303,2.3011227242369,0.867391668467375,7.54100431279445
"298",453,2.62093725339681,0.88113303355212,8.41276621994448,3.15571978862278,0.929773902622755,14.2397205219612,1.89469204279753,0.814304964700945,5.38517359061074
"299",454,3.04511860036459,0.926341260552462,13.576121550549,2.56830899163121,0.859095657288577,7.09701334080266,1.81379203948954,0.762208380530666,4.20536267102954
"300",458,2.88999612745654,0.930882170662192,14.4680469508464,2.63607118794243,0.908906103066743,10.9776838368512,1.03765179146886,0.623966936154227,2.65934061694677
"301",460,2.91307995013986,0.903926036521991,10.4086472942162,2.85324289121085,0.89342566900378,9.38312247097727,0,1,Inf
"302",462,3.41160244882082,0.957102015943515,23.3111187388962,2.87813382919761,0.923656497514507,13.0986916691439,3.3011984733985,0.954256317340375,21.8609421423481
"303",463,2.68104922444634,0.85937169420999,7.110943948178,1.89145807355576,0.663751425524483,2.9739903033338,2.4801149095404,0.856712374356845,6.978969715713
"304",464,2.94809570658343,0.909208729917069,11.014274820548,2.87432484520416,0.896870657103819,9.6965613463346,2.87428061948981,0.908362817486078,10.912600895909
"305",465,2.19595705330199,0.865720533335928,7.44715498834761,2.19625729278601,0.865915708313264,7.45799517169632,0,1,Inf
"306",466,2.47743415682902,0.889992180845565,9.09026292573028,2.3764923222499,0.87473671518625,7.98318518859593,0,1,Inf
"307",469,2.78654236411638,0.92581845052798,13.4804409872455,2.69128121238637,0.908597692654252,10.9406428463266,1.85605223075049,0.832690001588484,5.97692911059863
"308",470,2.62982061481238,0.896898028334774,9.69913556306198,2.70772571878646,0.90800360896152,10.8699916237118,1.22942810254845,0.600798150505489,2.50499841437671
"309",472,2.13066409940779,0.865389668785654,7.42885030427311,2.07779930270999,0.847352250796165,6.55103010175845,1.95957475785471,0.843733036212412,6.39930523868942
"310",473,2.33705079715896,0.875733163064548,8.04719927424751,2.33977830486421,0.880763552220676,8.38669734484833,0,0,1
"311",474,2.23023354252861,0.802043849325748,5.05162378937927,2.40572811139828,0.855259927611496,6.90893671322653,0.759736813673446,0.423137302608513,1.73351475926923
"312",475,2.16334261768683,0.865997133912722,7.46252695333162,2.16462667815276,0.866281140477985,7.47837667457345,0,1,Inf
"313",478,2.06584064159486,0.80265989867648,5.06739376990892,2.29987724199155,0.86233752873027,7.26414389322302,1.47919660072418,0.722172165842663,3.59935138620304
"314",480,2.8858356262356,0.911012492550644,11.2375324207065,2.93175958325182,0.923030199538595,12.9921085153576,1.25916198168082,0.627900591715976,2.68745388392743
"315",482,2.14150112368249,0.829674210599028,5.8711015138515,2.22466598813608,0.863989735327923,7.35238625122166,1.33651711778593,0.648185721112711,2.84240879353385
"316",484,2.00415311750934,0.833110348724434,5.99198327971107,2.00992393242935,0.806714404912598,5.17369129110634,0,1,Inf
"317",485,1.96348729615349,0.847236733705502,6.54607631963167,1.97359727525331,0.850088058874402,6.6705826933572,0,1,Inf
"318",486,1.71273243784917,0.785,4.65116279069767,1.75145839488332,0.795178346375181,4.88229629193281,0,1,Inf
"319",488,2.20017315811403,0.84602435425363,6.49453356829695,2.21611549245675,0.851235611728302,6.72203886708178,0.956803609619109,0.567667027050392,2.3130319974844
"320",489,1.94842686754039,0.793591120624781,4.84475281793549,2.06304885456481,0.826560702884083,5.76570602296467,0.828563943532228,0.499983288679644,1.99993315695265
"321",491,2.35680424917269,0.877895061973933,8.18967697921043,2.21925887299477,0.864072684202834,7.35687300330585,1.53772845987295,0.713189470402853,3.48662234055561
"322",493,2.93057865095095,0.93244454244165,14.8026530519206,2.78376142573386,0.911314366682992,11.2757834904949,1.99894085982315,0.856455459822778,6.96647882786336
"323",494,2.85972471358331,0.918500497865719,12.2700136051429,2.8601488733195,0.921220125700522,12.6935973037802,1.66074146506939,0.790586902210821,4.77525050036136
"324",495,2.52309830991177,0.894737696836144,9.5000771400884,2.54221336253755,0.900321326087856,10.0322361920805,1.14161519152922,0.604914939380656,2.53110051398142
"325",497,2.37028129816277,0.882387144785521,8.50247192941965,2.32375362265475,0.87434561176569,7.9583372618494,2.2677935981854,0.881187081030423,8.416593150582
"326",498,2.54806858235314,0.883211893411624,8.56251573222722,2.82820976957703,0.928773624387621,14.0397428817957,1.01098978767882,0.564058960649112,2.29388818609276
"327",500,1.98302846629464,0.811574405277466,5.30713463567701,2.08320594424037,0.831872399798129,5.9478634013648,0,1,Inf
"328",504,2.53362194312525,0.90456940343778,10.4788195403138,2.5399071512825,0.900749285697421,10.0754942372643,1.30824201160996,0.707425791055204,3.41793626856796
"329",505,2.10494877519743,0.82702030551981,5.78102535679136,2.16821655738879,0.844780999643543,6.4425102449025,1.47007759443621,0.692862898398877,3.25587496524173
"330",507,2.00515685463685,0.792474045490877,4.81867437914152,2.17515260492557,0.830898104347976,5.91359426305776,0,1,Inf
"331",508,2.26645740619252,0.861310930045484,7.2103735379288,2.31146253209024,0.86530633524602,7.42425415350093,0.888152327463032,0.529268792150292,2.12435458564131
"332",510,2.2624610443146,0.872526588084863,7.84477315681903,2.17166750580686,0.857826115292703,7.03364054558098,1.13756106684704,0.607709740406518,2.54913288195396
"333",511,2.62718732139901,0.907032131636726,10.7564045256204,2.60571056403891,0.898608188009837,9.86272935034462,1.7545319901664,0.808164520010245,5.21280005165575
"334",514,1.4366237117822,0.694377469578723,3.27201007930134,1.54995591069715,0.738438881053973,3.82319820327099,0,1,Inf
"335",515,2.04693972692219,0.844483418741231,6.43018250469425,1.86313445491642,0.810918213360612,5.28871668590256,0,1,Inf
"336",516,1.74405195721096,0.770093443041821,4.34959321400261,1.95915075283674,0.832686802653474,5.97681483504781,1.3409102597575,0.672630102517692,3.05464860297378
"337",519,1.25672227109677,0.554967086904792,2.24702481676016,1.30229644165608,0.577258595487125,2.3655123187006,0,0,1
"338",520,1.14680626900613,0.649895833222222,2.85629276910244,1.16436593860017,0.64918833062893,2.8505323149392,0,1,Inf
"339",522,1.08889997534522,0.66,2.94117647058824,1.08889997534522,0.66,2.94117647058824,0,1,Inf
"340",523,1.44708390966585,0.676974471125266,3.09573055567317,1.39794395274782,0.66117871351052,2.95140842643323,0,1,Inf
"341",524,1.11073673267817,0.543089839405547,2.18861405642407,1.124804883274,0.4941906267086,1.97702939645583,0,0,1
"342",525,2.21249917775248,0.870170278252668,7.70239654326725,2.12281348009813,0.849336865177424,6.63732373003932,0,1,Inf
"343",526,1.6708788213332,0.737881987917254,3.81507547708823,1.93486004791942,0.798890873787329,4.97242476675329,1.54786849869902,0.776413116060981,4.47253426669134
"344",529,2.0124655791941,0.814358327256647,5.38672155460744,2.15611940060576,0.837288216195749,6.14583637779451,0,0,1
"345",530,2.47977027708839,0.888542732042188,8.97204837623071,2.27177772416232,0.842221716638042,6.33800785945876,0,0,1
"346",531,1.93827278677552,0.825959169141516,5.7457781318748,1.90932097492047,0.81642883355357,5.4474785956749,0,1,Inf
"347",532,2.59200299192641,0.879975976757621,8.331665386525,2.66381555728733,0.893064071011075,9.35139395575427,1.58889508325292,0.743421063216889,3.89743605822684
"348",533,2.43804282070273,0.885512392365415,8.734569798958,2.44526631208982,0.882117388448365,8.48301532208576,0.763049258651848,0.426064029355234,1.74235463735892
"349",536,2.02706112871909,0.818828275127795,5.51962509991767,2.11313229993141,0.844184248066391,6.41783637142212,0,0,1
"350",538,1.80714989884787,0.788419753722579,4.7263391436307,1.90861093610018,0.806980097003989,5.18081288239311,1.08884673279224,0.66039206950323,2.94457199081666
"351",540,2.69988375987743,0.909962381388467,11.1064687785058,2.53438223777947,0.890135025681628,9.10208195290839,1.33217904323476,0.720000001745454,3.57142859369202
"352",541,2.38431296390804,0.883900704852417,8.61331671935494,2.29907672902738,0.869399695796643,7.65695000559037,0,1,Inf
"353",543,2.63908305264987,0.916788738946588,12.017604196121,2.24802942732006,0.860690971250094,7.17828563570882,1.74201906883967,0.816894531855265,5.46133335138607
"354",545,2.67813645236613,0.886662629492365,8.82321511008267,2.64814281497203,0.903401821391733,10.3521620635859,1.57487473113412,0.730073462027671,3.70471168752779
"355",546,2.74268672797943,0.898134548707738,9.81687105209892,2.82145611080853,0.90274428261429,10.2821718545766,0,1,Inf
"356",547,2.61712107195665,0.909790898618825,11.085355963968,2.59408611254119,0.9100253525204,11.1142419338373,1.64834825176595,0.769542306912406,4.33919122682493
"357",550,2.8178111549209,0.883869382370127,8.6109935554391,2.98657879566866,0.935956974104915,15.6145026882115,1.77276886631451,0.686156222934113,3.18629863988051
"358",551,2.47005192863642,0.875762917319515,8.04912654438141,2.67390726805818,0.905987887766199,10.6369272664896,1.81207255880191,0.766036077575928,4.27416325405695
"359",552,2.55797428014733,0.902826890978242,10.2909128880099,2.42679173018142,0.881474357579758,8.43699286990084,2.14793420040889,0.865829703309547,7.45321449431627
"360",553,2.39624651616769,0.876133402210634,8.07320147519097,2.35971737563106,0.862519148510429,7.27374022756804,1.85094585120453,0.83421181253292,6.03179282720953
"361",555,2.13482653101731,0.803401823260682,5.08651716198754,2.41591008918732,0.864135127191885,7.36025419471245,1.35467172477845,0.648519183307377,2.84510548658057
"362",556,3.06387634324883,0.937888004884441,16.0999497462527,2.95069612627968,0.93148612098909,14.5955828868011,1.02717530646407,0.615933410635942,2.60371515693623
"363",557,2.45525883352033,0.892299493131039,9.28500736971184,2.14106438227084,0.850137955123722,6.67280364968712,2.05536114656816,0.847215624240958,6.54517188051423
"364",562,2.24035316936111,0.870608147457171,7.7284618803104,2.0840915323725,0.842581243274836,6.35248315260099,0,1,Inf
"365",563,2.3450295110438,0.843514299301036,6.39036024079752,2.33830431293908,0.860866208253647,7.18732658291268,1.09163563092889,0.513085871285383,2.05375022211792
"366",564,1.64328003893669,0.7119310360108,3.47139096885665,1.67466869289761,0.696645776669256,3.29647627456866,1.04763668896933,0.580609251896361,2.38441120726126
"367",565,1.57322702483596,0.72849645990591,3.6831932270697,1.55798354690019,0.723558340826116,3.61739979056844,0,1,Inf
"368",566,2.20173876103457,0.844619261228672,6.43580412802444,2.30521553120774,0.865128821922134,7.41448257701631,0.693146163060677,0.499998982501076,1.99999593001259
"369",567,2.6131696794577,0.904870306840236,10.5119649479009,2.75890222286123,0.926905585548969,13.6809359170658,0,1,Inf
"370",570,2.56250261731932,0.868629233771899,7.61204359776426,2.47825331684883,0.8738420845511,7.92657358392267,2.0051311209171,0.772316086808951,4.39205381699893
"371",573,2.26539528937052,0.796378327833247,4.91106859775252,2.39291075423871,0.861980284010584,7.24534167333519,2.04958238960289,0.752650640892071,4.042864730301
"372",574,2.70120181587514,0.909981148363172,11.1087842359332,2.66438259068072,0.905222964381154,10.5510791033978,2.21719560788725,0.87111872518642,7.7590790550951
"373",576,2.07277614960972,0.791366735210426,4.79309951367818,1.97612510568904,0.779795179461749,4.54122665233067,0.757624485096902,0.374647153436809,1.59909722246535
"374",577,1.95650482477814,0.815417400787464,5.41762877035098,1.96035084720179,0.797575786934176,4.94012047696497,0.994990938196507,0.558658122580241,2.26581716162163
"375",578,1.08889997907119,0.580000002577778,2.38095239556563,1.0851717243358,0.578370146824668,2.37174856682683,0,1,Inf
"376",581,0.801818544040191,0.459999994171429,1.85185183186361,0.871055471368438,0.503185260023959,2.01282272753869,0,1,Inf
"377",582,1.89071419357388,0.761748550925543,4.19724624502697,1.81557920960473,0.73922110933195,3.83466620874968,0,1,Inf
"378",585,2.84141916242777,0.926021559788857,13.517451802794,2.63929434286385,0.905068282267615,10.5338871336873,0,1,Inf
"379",586,2.92250699620623,0.934173271317089,15.1913974765027,2.86726964099194,0.92592793653731,13.5003664438712,0,1,Inf
"380",587,2.16098154683207,0.854462000112627,6.87105773594434,2.19026094932652,0.859699386147984,7.12755256405908,0,1,Inf
"381",589,2.42197383186386,0.881945266933187,8.47064724998406,2.39186565051505,0.88201445182671,8.47561430601023,0,0,1
"382",590,2.33756782820691,0.843866034758384,6.40475631585033,2.40029375586615,0.877469752835304,8.16125016589475,1.70350065209655,0.70632163581525,3.40508570584011
"383",592,0.910633983726363,0.528028095370192,2.11877018566254,1.13637509568953,0.571064278135846,2.33135164321125,0.691376362848676,0.491787590367486,1.9676811920494
"384",594,2.94344074370401,0.919285672432901,12.3893741067059,2.91375237230171,0.915218448982777,11.7950189398736,2.76755133172199,0.90682925460333,10.7329827162223
"385",595,2.76971304627987,0.909423065578772,11.0403383200132,2.80075386800168,0.911964176721152,11.3590123060764,1.09606732877384,0.665000000212121,2.98507462875581
"386",597,2.62826506720802,0.905189908936853,10.5474004801236,2.5739194455452,0.903058017514159,10.3154482130181,1.72766146391035,0.811583470570535,5.30738997808766
"387",598,2.79856576157171,0.915847967651675,11.8832542969463,2.78812179348082,0.924165230312951,13.1865634210633,2.15688749907037,0.850345625812088,6.682063290341
"388",599,3.10038143566885,0.942865448858966,17.5025440828537,2.96542495291432,0.936445509525229,15.734529417665,0.693147180559945,0.5,2
"389",601,2.43335870715103,0.879932948677129,8.32867959179669,2.47597609325746,0.886108933487918,8.78031991994667,0,1,Inf
"390",602,3.31747632582107,0.951760438015042,20.7298731342505,3.18968372939057,0.94316284188994,17.5941238663551,2.45112683475164,0.896871237667225,9.69661593313032
"391",604,1.6647327213256,0.721989620110065,3.59698799877869,1.67721105017366,0.750360197881681,4.00577148160869,1.10592045174649,0.606206978289277,2.53940508050595
"392",605,1.74011720622166,0.786599998950311,4.68603559082062,1.74229629149144,0.79809321382129,4.95278053267059,1.25105833179593,0.688090737240076,3.20606060606061
"393",606,1.99298883392236,0.838677553322757,6.19876539562218,2.03036884855176,0.846821745948586,6.52834180799811,1.31505565879343,0.716474886574774,3.52702442446507
"394",609,2.28470742881988,0.862030176478707,7.24796172436701,2.28312312410648,0.861825897426266,7.23724620875584,0,1,Inf
"395",610,2.52464900826692,0.895825736890015,9.59929996283455,2.51905028479668,0.88887838667287,8.999149400901,1.3321181095879,0.725383839924798,3.64144629990514
"396",611,2.65266924437406,0.906052246354962,10.6442140572971,2.63404090876003,0.901877362135837,10.1913281355559,0,1,Inf
"397",612,1.6685809705307,0.590054749863693,2.43935013192006,1.49808327808675,0.527433589262261,2.11610469402357,0,1,Inf
"398",613,2.52072506013016,0.880602503610717,8.37538499751794,2.6756832609099,0.907680274911261,10.8319213368409,0,1,Inf
"399",616,2.39204528858925,0.882251264892786,8.49266023188669,2.29228043676372,0.868632137569116,7.6122118568088,1.51115561066144,0.759920634583198,4.16528925034395
"400",619,2.30817369959906,0.8622468449361,7.25936186025015,2.29361253123794,0.861281779483387,7.20885833364798,0,1,Inf
"401",620,2.61209602212464,0.892414302801178,9.2949158302331,2.61722128638887,0.891551937948603,9.22100387119933,0,1,Inf
"402",621,2.663061025156,0.908012129908323,10.8709985240812,2.69759375396124,0.91431571719057,11.6707518253271,1.31138871993293,0.712890625,3.48299319727891
"403",624,2.98822893982537,0.925691543437881,13.4574185263025,2.94017871474298,0.916207199887408,11.9341995810655,0.693147180559945,0.5,2
"404",625,2.98302974624156,0.937206063916519,15.9251045940256,2.90751269475457,0.927074203722458,13.7125688171328,2.12633211068663,0.862433376655576,7.26920509996316
"405",629,2.42122519072998,0.885859377596582,8.76112271812926,2.5398802054545,0.908997602238993,10.9887214469473,0.204747604490959,0.0988297648343381,1.10966825243198
"406",630,2.00882000024737,0.796404025557447,4.91168846897885,2.01723383300555,0.793850362519256,4.85084529965962,0,1,Inf
"407",631,2.96271627617512,0.926291383341166,13.5669348487243,2.9695203636762,0.921847402309118,12.7954799910211,1.23484082350788,0.634902673227512,2.73899567778308
"408",632,2.67424492909938,0.911884247087303,11.3487085673634,2.4412947497766,0.858937561155613,7.08905934274362,1.88686203140968,0.826086350083435,5.74997994970348
"409",633,2.57200878954787,0.899687675435704,9.96886478649038,2.55920956596861,0.893930789309259,9.42780655656651,0.663940057901822,0.471078356385288,1.89063921295768
"410",634,2.58642937207572,0.907281431465203,10.7853261304903,2.67466789316805,0.913759822729481,11.59552347467,0,1,Inf
"411",636,2.65867008778729,0.90407600210246,10.4249199566112,2.84300947322517,0.924646882937975,13.2708511470983,0.71852760496506,0.406706329016852,1.6855059288647
"412",637,2.42400901777663,0.868275118746858,7.59158019720098,2.58338759948441,0.894002339529764,9.43417048606275,0.4027068579793,0.239011905523332,1.31408100502242
"413",638,2.48783510296818,0.888414425880193,8.96173190744464,2.63678921195147,0.915909330888973,11.891925829246,0,1,Inf
