hhid,year,month,effort_persondays
1,2012,11,5
1,2013,1,3
1,2013,5,5
1,2013,8,6
1,2013,9,6
1,2013,11,4
1,2014,1,3
1,2014,3,6
1,2014,5,9
1,2014,7,4
1,2014,9,9
1,2014,11,7
1,2015,1,3
1,2015,3,5
1,2015,5,4
1,2015,7,5
1,2015,9,7
1,2015,11,10
2,2012,11,1
2,2013,1,9
2,2013,3,1
2,2013,5,2
2,2013,8,3
2,2013,9,6
2,2013,11,4
2,2014,1,3
2,2014,5,5
2,2014,7,12
2,2014,9,4
2,2014,11,7
2,2015,1,11
2,2015,3,3
2,2015,5,5
2,2015,7,5
2,2015,9,4
2,2015,11,3
4,2012,11,4
4,2013,1,1
4,2013,3,1
4,2013,5,3
4,2013,8,2
4,2013,9,5
4,2013,11,7
4,2014,3,4
4,2014,5,1
4,2014,7,10
4,2014,9,2
4,2014,11,7
4,2015,1,2
4,2015,3,1
4,2015,5,1
4,2015,9,8
4,2015,11,8
5,2012,11,3
5,2013,3,6
5,2013,5,2
5,2013,8,7
5,2013,9,6
5,2013,11,10
7,2012,11,7
7,2013,1,12
7,2013,3,7
7,2013,5,4
7,2013,8,7
7,2013,9,7
7,2013,11,14
7,2014,1,14
7,2014,3,5
7,2014,5,6
7,2014,7,3
7,2014,9,3
7,2014,11,7
7,2015,1,3
7,2015,3,2
7,2015,5,10
7,2015,7,7
7,2015,9,18
7,2015,11,11
8,2012,11,2
8,2013,1,4
8,2013,3,1
8,2013,5,4
8,2013,8,2
8,2013,9,1
8,2013,11,10
8,2014,1,2
8,2014,3,3
8,2014,5,4
8,2014,7,3
8,2014,9,5
8,2014,11,7
8,2015,1,1
8,2015,3,2
8,2015,5,3
8,2015,7,1
8,2015,9,5
8,2015,11,10
9,2012,11,7
9,2013,1,3
9,2013,3,4
9,2013,5,6
9,2013,8,17
9,2013,9,7
9,2013,11,11
9,2014,1,9
9,2014,3,5
9,2014,5,7
9,2014,7,5
9,2014,9,21
9,2014,11,2
9,2015,1,9
9,2015,3,4
9,2015,5,5
9,2015,7,5
9,2015,9,11
9,2015,11,13
10,2012,11,2
10,2013,1,2
10,2013,5,2
10,2013,8,4
10,2013,9,2
10,2013,11,7
10,2014,1,1
10,2014,5,1
10,2014,9,7
10,2014,11,7
10,2015,1,2
10,2015,3,1
10,2015,5,3
10,2015,9,4
10,2015,11,7
12,2014,9,8
12,2014,11,13
12,2015,1,1
12,2015,3,6
12,2015,5,5
12,2015,7,8
12,2015,9,8
12,2015,11,12
13,2012,11,7
13,2013,1,7
13,2013,3,5
13,2013,5,3
13,2013,8,3
13,2013,11,3
13,2014,1,3
13,2014,3,1
13,2014,5,5
14,2012,11,2
14,2013,1,2
14,2013,3,1
14,2013,5,7
14,2013,9,1
14,2013,11,8
14,2014,1,1
14,2014,3,2
14,2014,5,1
14,2014,7,2
14,2014,9,3
14,2014,11,8
14,2015,1,2
14,2015,3,1
14,2015,7,1
14,2015,9,9
14,2015,11,7
16,2014,1,3
16,2014,11,2
16,2015,1,3
16,2015,9,3
16,2015,11,11
19,2014,5,2
19,2014,7,7
19,2014,9,7
19,2014,11,7
19,2015,1,1
19,2015,3,2
19,2015,5,1
19,2015,9,1
19,2015,11,1
20,2012,11,2
20,2013,1,1
20,2013,3,2
20,2013,5,1
20,2013,8,3
20,2013,9,5
20,2013,11,5
20,2014,1,1
20,2014,5,4
20,2014,7,9
20,2014,9,6
20,2014,11,7
20,2015,3,2
20,2015,5,3
20,2015,7,2
20,2015,9,2
20,2015,11,7
21,2013,3,1
21,2013,8,2
21,2013,9,7
21,2013,11,4
21,2014,1,1
21,2014,3,2
21,2014,5,2
21,2014,7,2
21,2014,9,2
21,2014,11,11
21,2015,1,1
21,2015,3,1
21,2015,7,1
21,2015,9,3
21,2015,11,2
22,2012,11,2
22,2013,1,4
22,2013,3,1
22,2013,5,4
22,2013,8,1
22,2013,9,1
22,2013,11,7
22,2014,3,1
22,2014,5,3
22,2014,7,6
22,2014,9,2
22,2014,11,7
22,2015,1,6
22,2015,3,3
22,2015,5,1
22,2015,7,1
22,2015,9,8
22,2015,11,10
23,2012,11,6
23,2013,1,2
23,2013,3,4
23,2013,5,6
23,2013,8,2
23,2013,9,3
23,2013,11,7
23,2014,3,1
23,2014,5,2
23,2014,7,1
23,2014,9,2
23,2014,11,7
23,2015,1,2
23,2015,5,3
23,2015,7,3
23,2015,9,3
24,2012,11,1
24,2013,1,1
24,2013,3,1
24,2013,5,2
24,2013,8,2
24,2013,9,4
24,2013,11,9
24,2014,1,9
24,2014,3,2
24,2014,5,6
24,2014,7,7
24,2014,9,5
24,2014,11,7
24,2015,1,9
24,2015,3,2
24,2015,5,2
24,2015,9,3
24,2015,11,7
25,2012,11,7
25,2013,1,2
25,2013,3,1
25,2013,5,12
25,2013,8,9
25,2013,9,2
25,2013,11,8
25,2014,1,7
25,2014,3,2
25,2014,5,7
25,2014,7,7
25,2014,9,7
25,2014,11,7
25,2015,1,5
25,2015,3,3
25,2015,5,3
25,2015,7,1
25,2015,9,1
26,2012,11,4
26,2013,1,2
26,2013,3,1
26,2013,5,2
26,2013,8,10
26,2013,9,3
26,2013,11,4
28,2012,11,6
28,2013,1,6
28,2013,3,3
28,2013,5,3
28,2013,8,1
28,2013,9,5
28,2013,11,9
28,2014,1,3
28,2014,3,3
28,2014,5,2
28,2014,7,5
28,2014,9,2
28,2014,11,11
28,2015,1,1
28,2015,3,3
28,2015,5,3
28,2015,9,1
28,2015,11,7
30,2012,11,5
30,2013,1,4
30,2013,11,7
30,2014,3,2
30,2014,5,2
30,2014,7,4
30,2014,9,3
30,2014,11,3
30,2015,9,1
30,2015,11,3
31,2012,11,4
31,2013,5,4
31,2013,9,1
31,2013,11,7
31,2014,1,3
31,2014,3,1
31,2014,5,2
31,2014,7,1
31,2014,9,5
31,2014,11,7
31,2015,3,2
31,2015,5,2
31,2015,7,2
31,2015,9,9
31,2015,11,4
33,2012,11,10
33,2013,3,2
33,2013,5,3
33,2013,8,6
33,2013,9,7
33,2013,11,7
33,2014,1,3
33,2014,3,14
33,2014,5,6
33,2014,7,7
33,2014,9,6
33,2014,11,5
33,2015,1,6
33,2015,3,1
33,2015,5,6
33,2015,9,3
33,2015,11,2
34,2014,1,4
34,2014,3,1
34,2014,5,3
34,2014,7,1
34,2014,9,11
34,2014,11,9
34,2015,1,5
34,2015,3,6
34,2015,5,3
34,2015,9,2
34,2015,11,7
37,2012,11,7
37,2013,1,3
37,2013,5,3
37,2013,8,3
37,2013,9,3
37,2013,11,5
37,2014,1,3
38,2012,11,5
38,2013,1,2
38,2013,3,4
38,2013,5,3
38,2013,8,1
38,2013,9,5
38,2013,11,3
38,2014,1,7
38,2014,3,3
38,2014,5,4
38,2014,7,3
38,2014,9,4
38,2014,11,12
38,2015,1,4
38,2015,3,3
38,2015,5,1
38,2015,7,3
38,2015,9,7
38,2015,11,5
39,2012,11,3
39,2013,1,3
39,2013,3,3
39,2013,5,2
39,2013,8,5
39,2013,9,1
39,2013,11,1
39,2014,1,1
40,2012,11,1
40,2013,1,3
40,2013,3,9
40,2013,9,2
40,2013,11,9
40,2014,1,7
40,2014,3,4
40,2014,5,4
40,2014,7,2
40,2014,9,7
40,2014,11,7
40,2015,1,2
40,2015,3,1
40,2015,5,3
40,2015,9,1
40,2015,11,6
41,2012,11,3
41,2013,1,6
41,2013,3,3
41,2013,5,10
41,2013,8,10
41,2013,9,7
41,2013,11,10
41,2014,1,3
41,2014,3,16
41,2014,5,2
41,2014,7,9
41,2014,9,17
41,2014,11,9
41,2015,1,7
41,2015,3,2
41,2015,5,7
41,2015,7,7
41,2015,9,7
41,2015,11,8
43,2013,3,2
43,2013,8,2
43,2013,11,3
43,2014,1,6
43,2014,3,1
43,2014,9,7
43,2014,11,7
43,2015,3,2
43,2015,5,2
43,2015,7,1
43,2015,9,1
43,2015,11,3
44,2012,11,3
44,2013,1,1
44,2013,3,3
44,2013,5,1
44,2013,8,4
44,2013,9,3
44,2013,11,1
45,2014,5,1
45,2014,7,2
45,2014,9,5
45,2014,11,1
45,2015,1,1
45,2015,3,3
45,2015,5,4
45,2015,7,2
45,2015,9,3
45,2015,11,2
46,2014,3,4
46,2014,5,5
46,2014,7,4
46,2014,9,3
46,2014,11,3
46,2015,1,5
46,2015,3,3
46,2015,5,2
46,2015,7,4
46,2015,9,3
46,2015,11,2
47,2012,11,1
47,2013,1,3
47,2013,8,5
47,2013,9,10
47,2013,11,7
47,2014,1,6
47,2014,5,2
47,2014,7,4
47,2014,9,4
47,2014,11,4
47,2015,3,4
47,2015,5,3
47,2015,9,2
47,2015,11,7
48,2013,3,1
48,2013,8,2
48,2013,9,2
48,2013,11,7
48,2014,1,7
48,2014,3,3
48,2014,5,4
48,2014,7,1
48,2014,9,4
48,2014,11,5
48,2015,1,2
48,2015,3,2
48,2015,5,4
48,2015,7,3
48,2015,9,3
48,2015,11,7
49,2012,11,7
49,2013,1,2
49,2013,3,10
49,2013,5,2
49,2013,8,3
49,2013,9,8
49,2013,11,8
49,2014,1,5
49,2014,3,5
49,2014,5,2
49,2014,7,2
49,2014,9,2
49,2014,11,7
49,2015,1,1
49,2015,3,9
49,2015,5,3
49,2015,7,2
49,2015,9,7
49,2015,11,5
50,2012,11,2
50,2013,1,5
50,2013,3,6
50,2013,5,3
50,2013,9,10
50,2013,11,13
50,2014,1,5
50,2014,3,3
50,2014,5,2
50,2014,9,12
50,2014,11,11
50,2015,1,3
50,2015,3,1
50,2015,5,3
50,2015,7,4
50,2015,9,7
50,2015,11,7
51,2012,11,9
51,2013,1,7
51,2013,3,7
51,2013,5,3
51,2013,8,5
51,2013,9,8
51,2013,11,2
51,2014,1,10
51,2014,3,6
51,2014,5,10
51,2014,7,15
51,2014,9,9
51,2015,1,2
51,2015,3,1
51,2015,5,4
51,2015,7,2
51,2015,9,7
51,2015,11,14
53,2014,1,3
53,2014,3,1
53,2014,5,2
53,2014,7,2
53,2014,9,3
53,2014,11,2
53,2015,1,3
53,2015,3,2
53,2015,5,3
53,2015,7,7
53,2015,9,6
53,2015,11,5
54,2013,1,1
54,2013,8,3
55,2012,11,3
55,2013,1,1
55,2013,8,7
55,2013,9,2
55,2013,11,7
55,2014,1,4
55,2014,3,7
55,2014,5,14
55,2014,7,11
55,2014,9,12
55,2014,11,7
55,2015,1,7
55,2015,3,7
55,2015,5,4
55,2015,7,14
55,2015,9,7
55,2015,11,14
56,2012,11,6
56,2013,1,2
56,2013,3,6
56,2013,5,1
56,2013,8,5
56,2013,9,4
56,2013,11,8
56,2014,1,6
56,2014,3,7
56,2014,5,7
56,2014,7,4
56,2014,9,2
56,2014,11,7
56,2015,5,3
56,2015,7,2
56,2015,9,2
56,2015,11,14
58,2012,11,5
58,2013,3,3
58,2013,8,5
58,2013,11,3
58,2014,1,2
58,2014,5,1
58,2014,7,2
58,2014,9,2
58,2014,11,4
58,2015,3,1
58,2015,5,5
58,2015,7,8
58,2015,9,5
58,2015,11,6
61,2012,11,2
61,2013,1,1
61,2013,3,5
61,2013,5,5
61,2013,9,5
61,2013,11,8
61,2014,1,10
61,2014,3,2
61,2014,5,5
61,2014,7,3
61,2014,9,5
61,2014,11,7
61,2015,1,5
61,2015,3,3
61,2015,5,1
61,2015,7,3
61,2015,9,7
61,2015,11,9
62,2012,11,1
62,2013,3,3
62,2013,5,5
62,2013,8,4
62,2013,9,4
62,2013,11,8
62,2014,1,18
62,2014,3,8
62,2014,5,5
62,2014,7,1
62,2014,9,5
62,2014,11,7
62,2015,1,2
62,2015,3,2
62,2015,5,3
62,2015,7,6
62,2015,9,11
62,2015,11,10
64,2012,11,2
64,2013,1,1
64,2013,3,1
64,2013,5,3
64,2013,8,5
64,2013,9,2
64,2013,11,5
64,2014,1,4
64,2014,3,11
64,2014,5,5
64,2014,7,5
64,2014,9,3
64,2014,11,2
64,2015,1,3
64,2015,3,4
64,2015,5,3
64,2015,7,2
64,2015,9,11
64,2015,11,10
67,2012,11,10
67,2013,1,4
67,2013,3,5
67,2013,5,5
67,2013,8,10
67,2013,9,17
67,2013,11,9
67,2014,1,8
67,2014,3,8
67,2014,5,7
67,2014,7,8
67,2014,9,8
67,2014,11,14
67,2015,1,4
67,2015,3,8
67,2015,5,7
67,2015,7,4
67,2015,9,9
67,2015,11,7
68,2012,11,2
68,2013,1,3
68,2013,3,1
68,2013,8,2
68,2014,1,2
68,2014,3,1
68,2014,5,6
68,2014,7,1
68,2014,9,4
68,2015,9,3
68,2015,11,3
69,2012,11,8
69,2013,1,5
69,2013,5,3
69,2013,8,7
69,2013,9,6
69,2013,11,2
69,2014,1,5
69,2014,3,2
69,2014,5,2
69,2014,7,3
69,2014,9,3
69,2014,11,3
69,2015,3,1
69,2015,5,6
69,2015,7,5
69,2015,9,3
69,2015,11,7
70,2012,11,10
70,2013,1,6
70,2013,3,5
70,2013,5,8
70,2013,8,10
70,2013,9,7
70,2013,11,3
70,2014,1,2
70,2014,3,3
70,2014,5,1
70,2014,7,5
70,2014,9,4
70,2014,11,3
70,2015,1,1
70,2015,3,1
70,2015,5,2
70,2015,9,9
70,2015,11,9
71,2012,11,3
71,2013,1,14
71,2013,3,3
71,2013,8,2
71,2013,9,3
71,2013,11,14
71,2014,1,2
71,2014,3,10
71,2014,7,2
71,2014,11,10
71,2015,1,14
71,2015,7,1
71,2015,9,7
72,2012,11,2
72,2013,3,2
72,2013,9,9
72,2013,11,6
72,2014,1,3
72,2014,3,4
72,2014,5,3
72,2014,7,4
72,2014,9,2
72,2014,11,3
72,2015,7,3
73,2012,11,7
73,2013,8,4
73,2013,9,4
73,2013,11,4
73,2014,3,2
73,2014,7,3
73,2014,9,2
73,2014,11,2
73,2015,1,1
73,2015,5,1
73,2015,11,3
74,2012,11,7
74,2013,1,7
74,2013,3,4
74,2013,8,7
74,2013,9,7
74,2013,11,7
74,2014,1,5
74,2014,3,2
74,2014,7,3
74,2014,9,7
74,2014,11,7
74,2015,7,7
74,2015,9,12
74,2015,11,9
75,2012,11,2
75,2013,8,2
75,2013,9,7
75,2013,11,3
75,2014,1,1
75,2014,5,1
75,2014,9,7
75,2014,11,3
75,2015,1,1
75,2015,9,10
75,2015,11,8
79,2012,11,7
79,2013,1,14
79,2013,3,2
79,2013,8,3
79,2013,9,2
79,2014,1,4
79,2014,5,1
79,2014,7,1
79,2014,9,2
79,2014,11,2
79,2015,1,3
79,2015,3,2
79,2015,5,2
79,2015,7,2
79,2015,9,5
79,2015,11,2
83,2012,11,5
83,2013,1,7
83,2013,9,3
83,2013,11,7
83,2014,1,5
83,2014,3,1
83,2014,5,3
83,2014,7,2
83,2014,9,7
83,2014,11,7
83,2015,1,7
83,2015,5,2
83,2015,9,4
83,2015,11,7
84,2012,11,5
84,2013,1,4
84,2013,5,3
84,2013,8,2
84,2013,9,7
84,2013,11,6
84,2014,1,1
84,2014,3,2
84,2014,5,2
84,2014,7,1
84,2014,9,3
84,2014,11,4
84,2015,1,3
84,2015,3,1
84,2015,7,4
84,2015,11,7
85,2012,11,3
85,2013,5,1
85,2013,9,7
85,2013,11,3
85,2014,1,2
85,2014,3,3
85,2014,9,3
85,2014,11,1
85,2015,11,7
86,2012,11,3
86,2013,1,2
86,2013,3,1
86,2013,5,2
86,2013,9,3
86,2013,11,7
86,2014,1,2
86,2014,7,1
86,2014,9,3
86,2014,11,3
86,2015,1,5
86,2015,3,1
86,2015,9,2
86,2015,11,7
87,2013,1,1
87,2013,3,1
87,2013,5,1
87,2013,8,3
87,2013,9,3
87,2013,11,1
87,2014,1,3
87,2014,3,4
87,2014,5,2
87,2014,7,3
87,2014,9,3
87,2014,11,3
87,2015,1,1
87,2015,3,1
87,2015,9,7
87,2015,11,7
88,2013,3,6
88,2013,8,7
88,2013,9,7
88,2013,11,2
88,2014,5,2
88,2014,7,5
88,2014,9,3
88,2014,11,8
88,2015,1,1
88,2015,3,7
88,2015,7,1
88,2015,9,8
88,2015,11,7
89,2013,1,4
89,2013,5,1
89,2013,8,1
89,2013,11,4
89,2014,3,2
89,2014,9,3
89,2014,11,2
89,2015,1,2
89,2015,5,3
89,2015,9,2
89,2015,11,4
93,2012,11,3
93,2013,1,1
93,2013,5,8
93,2013,9,3
93,2013,11,7
93,2014,1,3
93,2014,3,1
93,2014,5,1
93,2014,7,8
93,2014,9,8
93,2014,11,7
93,2015,1,7
93,2015,3,1
93,2015,5,2
93,2015,7,1
93,2015,9,3
93,2015,11,7
94,2012,11,2
94,2013,1,1
94,2013,3,7
94,2013,8,2
94,2013,9,3
94,2013,11,8
94,2014,1,3
94,2014,3,1
94,2014,5,4
94,2014,9,3
94,2014,11,3
94,2015,3,2
94,2015,5,5
94,2015,7,1
94,2015,9,7
94,2015,11,5
96,2012,11,4
96,2013,1,1
96,2013,3,7
96,2013,5,1
96,2013,9,4
96,2013,11,3
96,2014,1,3
96,2014,3,5
96,2014,7,2
96,2014,9,3
96,2014,11,4
96,2015,1,4
96,2015,5,1
96,2015,9,1
96,2015,11,2
97,2012,11,3
97,2013,3,5
97,2013,5,1
97,2013,11,2
97,2014,1,5
97,2014,5,4
97,2014,7,4
97,2014,9,3
97,2014,11,7
97,2015,1,5
97,2015,3,1
97,2015,5,8
97,2015,7,3
97,2015,9,6
97,2015,11,7
98,2012,11,5
98,2013,3,2
98,2013,5,1
98,2013,9,1
98,2013,11,3
98,2014,3,1
98,2014,5,1
98,2014,7,4
98,2015,1,2
98,2015,5,2
99,2012,11,1
99,2013,1,6
99,2013,8,2
99,2013,9,4
99,2013,11,3
99,2014,1,3
99,2014,3,6
99,2014,9,6
99,2015,1,2
99,2015,7,3
99,2015,9,2
101,2012,11,8
101,2013,1,3
101,2013,3,2
101,2013,5,5
101,2013,8,5
101,2013,9,8
101,2014,1,4
101,2014,3,1
101,2014,5,4
101,2014,7,2
101,2014,9,1
101,2015,1,1
101,2015,3,3
101,2015,5,4
101,2015,11,3
102,2012,11,7
102,2013,1,5
102,2013,5,3
102,2013,8,1
102,2013,9,1
102,2013,11,2
102,2014,1,1
102,2014,3,1
102,2014,5,1
102,2014,7,1
102,2014,9,5
102,2014,11,2
102,2015,5,1
102,2015,7,2
102,2015,9,2
102,2015,11,3
103,2012,11,3
103,2013,1,3
103,2013,5,1
103,2013,8,4
103,2013,9,4
103,2013,11,3
103,2014,1,3
103,2014,3,3
103,2014,5,4
103,2014,7,4
103,2014,9,5
103,2014,11,4
103,2015,1,1
103,2015,3,4
103,2015,5,2
103,2015,7,2
106,2012,11,12
106,2013,1,2
106,2013,3,3
106,2013,8,1
106,2013,9,2
106,2013,11,3
106,2014,9,2
106,2014,11,2
106,2015,3,1
106,2015,5,2
106,2015,7,5
106,2015,9,2
107,2013,1,2
107,2013,8,4
107,2013,9,6
107,2013,11,2
107,2014,1,2
107,2014,5,2
107,2014,7,2
107,2015,1,1
107,2015,3,1
107,2015,5,3
107,2015,7,1
107,2015,9,3
107,2015,11,2
109,2012,11,5
109,2013,1,6
109,2013,3,6
109,2013,5,1
109,2013,9,5
109,2013,11,2
109,2014,1,8
109,2014,3,4
109,2014,5,6
109,2014,7,7
109,2014,9,6
109,2014,11,2
109,2015,1,2
109,2015,3,4
109,2015,5,2
109,2015,7,5
109,2015,9,3
109,2015,11,2
110,2012,11,7
110,2013,1,7
110,2013,3,1
110,2013,8,5
110,2013,9,2
110,2013,11,14
110,2014,1,7
110,2014,3,3
110,2014,7,5
110,2014,9,7
110,2015,5,1
110,2015,9,7
110,2015,11,7
113,2012,11,7
113,2013,1,3
113,2013,8,6
113,2013,9,3
113,2013,11,3
113,2014,1,3
113,2014,3,3
113,2015,5,4
113,2015,7,2
113,2015,9,3
113,2015,11,5
115,2012,11,14
115,2013,1,14
115,2013,3,14
115,2013,5,12
115,2013,8,3
115,2013,9,10
115,2013,11,3
115,2014,1,3
115,2014,3,5
115,2014,7,3
115,2014,9,2
115,2014,11,5
115,2015,1,6
115,2015,3,2
115,2015,5,5
115,2015,7,3
115,2015,9,8
115,2015,11,5
116,2012,11,9
116,2013,1,4
116,2013,3,12
116,2013,8,9
116,2013,9,3
117,2012,11,7
117,2013,3,3
117,2013,5,2
117,2013,8,5
117,2013,9,3
117,2014,1,3
117,2014,3,1
117,2014,5,4
117,2014,9,3
117,2014,11,3
117,2015,1,2
117,2015,5,3
117,2015,11,4
118,2013,11,7
118,2014,1,1
118,2014,5,3
118,2014,11,4
118,2015,1,5
118,2015,3,3
118,2015,5,2
118,2015,7,2
118,2015,9,3
118,2015,11,4
119,2012,11,3
119,2013,1,1
119,2013,5,1
119,2013,8,7
119,2013,9,8
119,2013,11,1
119,2014,9,2
119,2015,3,3
120,2012,11,1
120,2013,1,2
120,2013,3,2
120,2013,8,6
120,2013,9,3
120,2013,11,2
120,2014,3,4
120,2014,5,4
120,2014,7,2
120,2014,9,4
120,2014,11,5
120,2015,7,3
120,2015,9,4
120,2015,11,5
121,2012,11,5
121,2013,1,1
121,2013,3,3
121,2013,5,10
121,2013,8,6
121,2013,9,6
121,2013,11,7
121,2014,3,2
121,2014,5,3
121,2014,7,4
121,2014,9,5
121,2014,11,4
121,2015,1,3
121,2015,3,3
121,2015,5,3
121,2015,7,3
121,2015,9,3
121,2015,11,5
122,2012,11,5
122,2013,1,6
122,2013,3,2
122,2013,8,2
122,2013,11,7
122,2014,7,2
122,2014,9,4
122,2014,11,5
122,2015,1,6
122,2015,3,3
122,2015,11,12
123,2012,11,1
123,2013,1,2
123,2013,3,4
123,2013,5,1
123,2013,11,10
123,2014,7,6
123,2014,9,3
123,2014,11,3
123,2015,11,10
126,2012,11,9
126,2013,1,6
126,2013,3,6
126,2013,5,2
126,2013,8,4
126,2013,9,8
126,2013,11,5
126,2014,1,2
126,2014,3,3
126,2014,5,3
126,2014,7,2
126,2014,9,2
126,2014,11,4
126,2015,1,4
126,2015,9,3
126,2015,11,4
129,2012,11,6
129,2013,1,1
129,2013,3,3
129,2013,5,2
129,2013,8,2
129,2013,9,6
129,2013,11,10
129,2014,5,2
129,2014,9,3
129,2014,11,5
129,2015,1,6
129,2015,5,3
129,2015,11,10
131,2012,11,3
131,2013,3,6
131,2013,5,1
131,2013,8,3
131,2013,9,2
131,2013,11,9
131,2014,1,5
131,2014,3,2
131,2014,5,2
131,2014,7,3
131,2014,9,3
131,2014,11,8
131,2015,1,6
131,2015,3,3
131,2015,5,3
131,2015,9,3
131,2015,11,8
132,2012,11,7
132,2013,1,3
132,2013,3,8
132,2013,5,2
132,2013,8,2
132,2013,9,11
132,2013,11,10
132,2014,1,5
132,2014,3,2
132,2014,5,3
132,2014,7,3
132,2014,9,3
132,2014,11,3
132,2015,1,6
132,2015,9,4
132,2015,11,10
133,2012,11,6
133,2013,1,1
133,2013,3,2
133,2013,5,2
133,2013,8,16
133,2013,9,6
133,2013,11,10
135,2012,11,5
135,2013,5,2
135,2013,8,14
135,2013,9,3
135,2013,11,3
135,2014,1,3
135,2014,3,1
135,2014,7,5
135,2014,9,4
135,2014,11,4
135,2015,3,4
135,2015,5,3
135,2015,7,3
135,2015,9,3
135,2015,11,10
136,2012,11,8
136,2013,8,3
136,2013,11,4
136,2014,1,1
136,2014,7,2
136,2014,9,4
136,2014,11,3
136,2015,1,3
136,2015,3,2
136,2015,9,3
136,2015,11,8
137,2012,11,5
137,2013,1,2
137,2013,3,4
137,2013,5,2
137,2013,8,7
137,2013,9,6
137,2013,11,6
137,2014,1,3
137,2014,3,3
137,2014,5,4
137,2014,7,4
137,2014,11,5
137,2015,1,4
137,2015,3,4
137,2015,5,3
137,2015,7,3
137,2015,9,5
137,2015,11,5
138,2014,1,7
138,2014,5,6
138,2014,7,2
138,2014,9,8
138,2014,11,4
138,2015,3,6
138,2015,9,8
138,2015,11,10
139,2012,11,1
139,2013,1,2
139,2013,3,5
139,2013,5,4
139,2013,8,3
139,2013,9,14
139,2013,11,5
139,2014,1,5
139,2014,5,4
139,2014,7,2
139,2014,9,4
139,2014,11,4
139,2015,5,3
139,2015,7,3
139,2015,11,5
141,2012,11,8
141,2013,1,2
141,2013,3,6
141,2013,5,12
141,2013,8,6
141,2013,9,10
141,2013,11,4
141,2014,1,2
141,2014,3,4
141,2014,7,5
141,2014,9,8
141,2014,11,4
141,2015,1,6
141,2015,3,8
141,2015,5,6
141,2015,7,2
141,2015,9,6
141,2015,11,10
143,2012,11,1
143,2013,3,3
143,2013,5,2
143,2013,8,3
143,2013,9,6
143,2013,11,10
143,2014,1,3
143,2014,5,6
143,2014,7,3
143,2014,9,3
143,2014,11,4
143,2015,1,3
143,2015,3,6
143,2015,7,2
143,2015,9,3
143,2015,11,10
145,2012,11,7
145,2013,1,2
145,2013,3,5
145,2013,5,10
145,2013,8,8
145,2013,9,8
145,2013,11,12
145,2014,1,8
145,2014,5,6
145,2014,9,1
145,2015,1,8
145,2015,3,2
145,2015,5,8
145,2015,11,1
147,2012,11,1
147,2013,1,1
147,2013,3,4
147,2013,5,6
147,2013,8,2
147,2013,11,1
147,2014,7,1
147,2014,11,5
147,2015,1,2
147,2015,3,5
147,2015,9,2
147,2015,11,4
150,2012,11,3
150,2013,1,1
150,2013,5,1
150,2013,8,8
150,2013,9,8
150,2013,11,10
150,2014,5,2
150,2014,9,6
150,2014,11,3
150,2015,1,4
150,2015,3,3
150,2015,5,2
150,2015,7,2
150,2015,9,2
150,2015,11,6
151,2012,11,3
151,2013,1,3
151,2013,3,2
151,2013,5,3
151,2013,8,1
151,2013,9,6
151,2013,11,9
151,2014,1,6
151,2014,3,1
151,2014,5,6
151,2014,7,2
151,2014,9,4
151,2014,11,3
151,2015,1,2
151,2015,3,1
151,2015,5,6
151,2015,7,5
151,2015,9,3
151,2015,11,3
155,2012,11,6
155,2013,1,2
155,2013,3,3
155,2013,5,3
155,2013,8,9
155,2013,9,14
155,2013,11,8
155,2014,1,6
155,2014,3,10
155,2014,5,9
155,2014,7,12
155,2014,9,3
155,2014,11,10
155,2015,1,12
155,2015,3,6
155,2015,5,1
155,2015,7,3
155,2015,9,6
155,2015,11,14
156,2012,11,10
156,2013,5,12
156,2013,8,2
156,2013,9,8
156,2013,11,4
156,2014,1,9
156,2014,5,4
156,2014,7,6
156,2014,11,8
156,2015,1,12
156,2015,3,2
156,2015,5,6
156,2015,7,4
156,2015,9,6
156,2015,11,4
157,2012,11,6
157,2013,1,2
157,2013,5,4
157,2013,8,2
157,2013,9,8
157,2013,11,3
157,2014,3,6
157,2014,5,2
157,2014,7,3
157,2014,9,2
157,2015,1,2
157,2015,7,3
157,2015,11,3
158,2012,11,8
158,2013,3,2
158,2013,5,2
158,2013,9,14
158,2013,11,6
158,2014,1,2
158,2014,5,3
158,2014,7,2
158,2014,9,2
158,2014,11,3
158,2015,1,1
158,2015,3,5
158,2015,5,2
158,2015,7,1
158,2015,9,4
158,2015,11,12
159,2012,11,10
159,2013,1,4
159,2013,3,7
159,2013,5,14
159,2013,8,14
159,2013,9,14
159,2013,11,12
159,2014,1,18
159,2014,3,9
159,2014,5,12
159,2014,7,10
159,2014,9,12
159,2014,11,7
159,2015,1,6
159,2015,3,8
159,2015,5,12
159,2015,7,10
159,2015,9,10
159,2015,11,14
160,2012,11,7
160,2013,1,14
160,2013,3,8
160,2013,5,10
160,2013,8,6
160,2013,11,17
160,2014,1,18
160,2014,3,21
160,2014,5,9
160,2014,7,15
160,2014,9,10
160,2014,11,21
160,2015,1,10
160,2015,3,6
160,2015,5,10
160,2015,7,6
160,2015,9,8
160,2015,11,19
161,2012,11,4
161,2013,1,2
161,2013,3,5
161,2013,5,12
161,2013,8,7
161,2013,9,8
161,2013,11,3
161,2014,1,2
161,2014,3,1
161,2014,5,6
161,2014,7,6
161,2014,9,6
161,2014,11,4
161,2015,1,3
161,2015,3,2
161,2015,5,8
161,2015,7,2
161,2015,9,5
161,2015,11,2
162,2012,11,4
162,2013,1,4
162,2013,3,4
162,2013,5,4
162,2013,8,7
162,2013,9,6
162,2013,11,7
162,2014,1,2
162,2014,3,3
162,2014,5,2
162,2014,7,3
162,2014,9,4
162,2014,11,6
162,2015,1,3
162,2015,3,2
162,2015,5,2
162,2015,7,6
162,2015,9,6
162,2015,11,14
163,2012,11,4
163,2013,1,2
163,2013,3,7
163,2013,5,5
163,2013,8,7
163,2013,9,2
163,2013,11,7
163,2014,1,5
163,2014,3,3
163,2014,5,1
163,2014,7,3
163,2014,9,1
163,2014,11,3
163,2015,1,7
163,2015,5,6
163,2015,7,1
163,2015,9,6
163,2015,11,3
165,2012,11,2
165,2013,1,2
165,2013,3,3
165,2013,5,5
165,2013,8,6
165,2013,9,2
165,2013,11,3
165,2014,1,1
165,2014,3,1
165,2014,5,3
165,2014,7,3
165,2014,9,1
165,2014,11,3
165,2015,1,2
165,2015,5,3
165,2015,7,1
165,2015,9,3
165,2015,11,4
166,2012,11,3
166,2013,1,2
166,2013,3,1
166,2013,5,3
166,2013,8,3
166,2013,9,9
166,2013,11,7
166,2014,1,1
166,2014,3,1
166,2014,5,4
166,2014,7,2
166,2014,9,3
166,2014,11,6
166,2015,1,2
166,2015,5,2
166,2015,7,1
166,2015,9,7
166,2015,11,6
169,2012,11,2
169,2013,1,1
169,2013,3,4
169,2013,5,8
169,2013,8,7
169,2013,9,7
169,2013,11,7
169,2014,1,1
169,2014,3,2
169,2014,5,3
169,2014,7,4
169,2014,9,7
169,2014,11,4
169,2015,1,4
169,2015,3,3
169,2015,5,2
169,2015,7,3
169,2015,9,5
169,2015,11,1
170,2012,11,4
170,2013,1,2
170,2013,3,11
170,2013,5,4
170,2013,8,3
170,2013,9,13
170,2013,11,7
170,2014,1,1
170,2014,3,3
170,2014,5,7
170,2014,7,3
170,2014,9,6
170,2014,11,7
170,2015,1,4
170,2015,3,4
170,2015,5,2
170,2015,7,2
170,2015,9,2
170,2015,11,5
173,2012,11,2
173,2013,1,6
173,2013,3,8
173,2013,5,3
173,2013,8,7
173,2013,9,5
173,2013,11,7
173,2014,1,1
173,2014,3,3
173,2014,5,3
173,2014,7,3
173,2014,9,3
173,2014,11,7
173,2015,1,1
173,2015,3,4
173,2015,5,4
173,2015,7,4
173,2015,9,6
173,2015,11,7
174,2012,11,7
174,2013,1,7
174,2013,3,6
174,2013,5,4
174,2013,8,7
174,2013,9,3
174,2013,11,7
174,2014,1,1
174,2014,5,2
174,2014,7,2
174,2014,9,2
174,2014,11,5
174,2015,1,6
174,2015,3,3
174,2015,5,2
174,2015,7,2
174,2015,9,3
174,2015,11,3
176,2012,11,14
176,2013,1,4
176,2013,3,3
176,2013,5,6
176,2013,8,2
176,2013,9,2
176,2013,11,2
176,2014,1,1
176,2014,5,2
176,2014,7,2
176,2014,9,6
176,2014,11,6
176,2015,1,4
176,2015,5,3
176,2015,7,3
176,2015,9,2
176,2015,11,3
179,2012,11,2
179,2013,1,3
179,2013,3,6
179,2013,5,2
179,2013,8,3
179,2013,9,2
179,2013,11,3
179,2014,1,2
179,2014,3,6
179,2014,5,2
179,2014,7,3
179,2014,9,7
179,2014,11,7
179,2015,1,3
179,2015,3,2
179,2015,9,2
179,2015,11,3
180,2013,1,1
180,2013,3,2
180,2013,5,6
180,2013,8,10
180,2013,9,3
180,2013,11,7
180,2014,1,3
180,2014,3,0
180,2014,5,2
180,2014,9,2
180,2014,11,4
180,2015,1,5
180,2015,9,2
180,2015,11,2
181,2012,11,1
181,2013,1,1
181,2013,3,4
181,2013,5,4
181,2013,8,5
181,2013,9,7
181,2013,11,3
181,2014,1,2
181,2014,3,4
181,2014,5,2
181,2014,9,2
181,2014,11,5
181,2015,5,1
181,2015,9,1
182,2012,11,5
182,2013,1,3
182,2013,3,2
182,2013,5,1
182,2013,8,4
182,2013,9,2
182,2013,11,10
182,2014,1,3
182,2014,3,2
182,2014,5,1
182,2014,7,2
182,2014,9,7
182,2014,11,3
182,2015,1,2
182,2015,3,2
182,2015,5,2
182,2015,7,1
182,2015,9,2
182,2015,11,7
183,2012,11,8
183,2013,1,1
183,2013,3,2
183,2013,5,10
183,2013,8,6
183,2013,9,4
183,2013,11,7
183,2014,1,7
183,2014,3,2
183,2014,5,3
183,2014,7,3
183,2014,9,3
183,2014,11,4
183,2015,1,2
183,2015,3,2
183,2015,7,1
183,2015,11,2
184,2012,11,4
184,2013,1,6
184,2013,3,5
184,2013,5,5
184,2013,8,8
184,2013,9,15
184,2013,11,3
184,2014,1,5
184,2014,3,2
184,2014,5,6
184,2014,7,2
184,2014,9,12
184,2014,11,7
184,2015,1,3
184,2015,7,2
184,2015,9,2
184,2015,11,3
185,2012,11,3
185,2013,1,3
185,2013,3,6
185,2013,5,5
185,2013,8,6
185,2013,9,8
185,2013,11,7
185,2014,1,6
185,2014,3,4
185,2014,5,2
185,2014,9,3
185,2014,11,7
185,2015,1,5
185,2015,5,2
185,2015,9,3
185,2015,11,4
188,2012,11,6
188,2013,1,4
188,2013,3,2
188,2013,5,6
188,2013,8,4
188,2013,9,5
188,2013,11,8
188,2014,1,7
188,2014,3,3
188,2014,5,2
188,2014,7,2
188,2014,9,4
188,2015,1,4
188,2015,3,3
188,2015,5,1
188,2015,7,3
188,2015,9,1
188,2015,11,7
190,2012,11,10
190,2013,1,3
190,2013,3,5
190,2013,5,2
190,2013,8,7
190,2013,9,5
190,2013,11,6
190,2014,1,2
190,2014,3,6
190,2014,5,2
190,2014,7,3
190,2014,9,3
190,2014,11,4
190,2015,1,6
190,2015,3,6
190,2015,5,5
190,2015,9,6
190,2015,11,5
192,2012,11,7
192,2013,1,6
192,2013,3,6
192,2013,5,7
192,2013,8,7
192,2013,9,7
192,2013,11,7
192,2014,1,3
192,2014,3,2
192,2014,5,10
192,2014,7,3
192,2014,9,8
192,2014,11,7
192,2015,1,5
192,2015,3,3
192,2015,5,1
192,2015,7,3
192,2015,9,2
192,2015,11,4
193,2013,5,1
193,2013,8,7
193,2013,9,6
193,2013,11,3
194,2013,8,2
194,2013,9,4
194,2013,11,2
194,2014,9,2
194,2014,11,3
195,2012,11,1
195,2013,3,2
195,2013,5,3
195,2013,8,14
195,2013,9,7
195,2013,11,2
195,2014,1,3
195,2014,5,5
195,2014,7,2
195,2014,9,7
195,2015,1,2
195,2015,3,6
195,2015,5,3
195,2015,11,8
196,2012,11,1
196,2013,3,1
196,2013,5,2
196,2013,11,2
196,2014,1,2
196,2014,3,3
196,2014,11,4
196,2015,9,3
196,2015,11,4
197,2012,11,3
197,2013,3,2
197,2013,8,2
197,2013,9,7
197,2013,11,3
197,2014,1,3
199,2012,11,1
199,2013,8,21
199,2014,3,1
199,2014,5,3
199,2014,7,2
199,2014,9,3
199,2015,3,3
199,2015,7,3
199,2015,9,6
202,2012,11,5
202,2013,1,1
202,2013,3,3
202,2013,5,2
202,2013,8,10
202,2013,9,5
202,2013,11,5
202,2014,1,3
202,2014,3,1
202,2014,5,2
202,2014,7,2
202,2014,9,4
202,2014,11,4
202,2015,1,8
202,2015,3,8
202,2015,5,2
202,2015,7,2
202,2015,9,3
202,2015,11,5
203,2012,11,2
203,2013,1,3
203,2013,3,2
203,2013,8,7
203,2013,9,12
203,2013,11,5
203,2014,1,6
203,2014,3,3
203,2014,9,5
203,2014,11,4
203,2015,1,3
203,2015,3,3
203,2015,5,3
203,2015,7,3
203,2015,9,3
203,2015,11,5
205,2012,11,7
205,2013,8,7
205,2013,11,6
205,2014,1,2
205,2014,3,4
205,2014,7,2
205,2014,11,3
205,2015,1,3
205,2015,7,2
205,2015,11,4
207,2012,11,3
207,2013,5,1
207,2013,9,7
207,2013,11,5
207,2014,3,2
207,2014,5,2
207,2014,7,2
207,2014,9,3
207,2014,11,5
207,2015,1,3
207,2015,3,3
207,2015,5,3
207,2015,7,3
207,2015,9,7
207,2015,11,4
209,2012,11,4
209,2013,1,6
209,2013,3,6
209,2013,5,3
209,2013,8,3
209,2013,9,7
209,2013,11,3
209,2014,1,3
209,2014,3,7
209,2014,5,2
209,2014,7,3
209,2014,9,3
209,2015,1,3
209,2015,3,3
209,2015,5,5
209,2015,7,1
209,2015,9,3
209,2015,11,7
210,2012,11,6
210,2013,1,1
210,2013,3,6
210,2013,5,11
210,2013,8,7
210,2013,9,7
210,2013,11,12
210,2014,1,3
210,2014,3,7
210,2014,5,4
210,2014,7,7
210,2014,9,3
210,2014,11,4
210,2015,3,7
210,2015,5,2
210,2015,7,3
210,2015,9,4
210,2015,11,7
211,2012,11,7
211,2013,1,2
211,2013,3,7
211,2013,5,5
211,2013,8,6
211,2013,9,14
211,2013,11,7
211,2014,1,6
211,2014,3,4
211,2014,5,6
211,2014,7,3
211,2014,9,6
211,2014,11,7
211,2015,1,2
211,2015,5,1
211,2015,7,7
211,2015,9,2
211,2015,11,7
214,2012,11,6
214,2013,1,2
214,2013,3,3
214,2013,5,6
214,2013,8,7
214,2013,9,9
214,2013,11,3
214,2014,1,1
214,2014,3,4
214,2014,5,3
214,2014,7,3
214,2014,9,5
214,2014,11,5
214,2015,3,5
214,2015,5,3
214,2015,7,5
214,2015,9,3
214,2015,11,3
215,2012,11,3
215,2013,1,6
215,2013,3,6
215,2013,5,1
215,2013,8,7
215,2013,9,7
215,2013,11,7
215,2014,1,3
215,2014,3,4
215,2014,5,2
215,2014,7,3
215,2014,9,7
215,2014,11,3
215,2015,7,5
215,2015,9,3
216,2012,11,7
216,2013,1,2
216,2013,3,12
216,2013,5,8
216,2013,8,3
216,2013,9,4
216,2013,11,6
216,2014,1,4
216,2014,3,7
216,2014,5,2
216,2014,7,3
216,2014,9,3
216,2014,11,3
216,2015,3,4
216,2015,5,3
216,2015,9,8
216,2015,11,3
217,2012,11,10
217,2013,1,2
217,2013,3,6
217,2013,5,2
217,2013,8,4
217,2013,9,4
217,2013,11,7
217,2014,1,6
217,2014,3,6
217,2014,5,3
217,2014,7,4
217,2014,9,3
217,2014,11,6
217,2015,1,7
217,2015,3,5
217,2015,5,9
217,2015,7,5
217,2015,9,7
217,2015,11,4
219,2012,11,5
219,2013,1,3
219,2013,5,3
219,2013,8,7
219,2013,9,6
219,2013,11,3
219,2014,1,3
219,2014,3,3
219,2014,7,6
219,2014,11,6
219,2015,1,7
219,2015,3,6
219,2015,5,7
219,2015,7,1
219,2015,9,3
219,2015,11,4
221,2012,11,7
221,2013,1,7
221,2013,3,7
221,2013,5,2
221,2013,8,4
221,2013,9,2
221,2013,11,7
221,2014,1,6
221,2014,3,2
221,2014,5,3
221,2014,7,5
221,2014,9,7
221,2014,11,5
221,2015,1,5
221,2015,3,4
221,2015,5,4
221,2015,7,4
221,2015,9,2
221,2015,11,2
222,2012,11,4
222,2013,5,5
222,2013,8,3
222,2013,9,5
222,2013,11,5
222,2014,1,2
222,2014,3,5
222,2014,5,1
222,2014,7,5
222,2014,9,2
222,2014,11,3
222,2015,1,3
222,2015,3,2
222,2015,5,2
222,2015,7,2
222,2015,9,2
222,2015,11,1
225,2012,11,3
225,2013,1,14
225,2013,3,1
225,2013,5,1
225,2013,8,4
225,2013,9,6
225,2013,11,6
225,2014,1,4
225,2014,3,12
225,2014,5,8
225,2014,7,2
225,2014,9,2
225,2014,11,6
225,2015,1,3
225,2015,3,1
225,2015,5,2
225,2015,7,1
225,2015,9,3
225,2015,11,4
226,2012,11,7
226,2013,1,3
226,2013,5,6
226,2013,8,7
226,2013,9,7
226,2013,11,9
226,2014,1,4
226,2014,3,6
226,2014,5,6
226,2014,7,2
226,2014,9,2
226,2014,11,7
226,2015,3,2
226,2015,7,1
226,2015,9,2
226,2015,11,3
229,2012,11,7
229,2013,3,1
229,2013,5,4
229,2013,8,4
229,2013,9,6
229,2013,11,3
229,2014,1,2
229,2014,5,2
229,2014,9,3
229,2014,11,1
229,2015,1,1
229,2015,3,1
229,2015,5,1
229,2015,7,1
229,2015,9,2
229,2015,11,2
230,2012,11,14
230,2013,1,2
230,2013,5,2
230,2013,8,4
230,2013,9,5
230,2013,11,7
230,2014,1,10
230,2014,5,4
230,2014,7,6
230,2014,9,2
230,2014,11,7
230,2015,3,3
230,2015,5,3
230,2015,7,5
230,2015,11,7
231,2012,11,4
231,2013,1,3
231,2013,3,4
231,2013,5,12
231,2013,8,5
231,2013,9,5
231,2013,11,7
231,2014,1,2
231,2014,3,5
231,2014,5,4
231,2014,7,3
231,2014,9,4
231,2014,11,2
231,2015,3,4
231,2015,5,3
231,2015,9,2
231,2015,11,5
232,2012,11,7
232,2013,1,5
232,2013,3,2
232,2013,5,6
232,2013,8,7
232,2013,9,7
232,2013,11,7
232,2014,1,1
232,2014,3,4
232,2014,5,6
232,2014,7,2
232,2014,9,3
232,2014,11,6
232,2015,1,4
232,2015,3,5
232,2015,5,5
232,2015,7,1
232,2015,9,6
232,2015,11,4
233,2012,11,14
233,2013,1,13
233,2013,3,6
233,2013,5,10
233,2013,8,6
233,2013,9,5
233,2013,11,7
233,2014,1,14
233,2014,3,2
233,2014,5,12
233,2014,7,2
233,2014,9,2
233,2014,11,4
233,2015,1,2
233,2015,3,3
233,2015,5,4
233,2015,7,6
233,2015,9,3
233,2015,11,7
236,2012,11,7
236,2013,5,4
236,2013,8,2
236,2013,9,11
236,2013,11,5
236,2014,1,5
236,2014,3,6
236,2014,5,1
236,2014,7,2
236,2014,9,1
236,2014,11,1
236,2015,1,2
236,2015,3,9
236,2015,5,2
236,2015,7,1
236,2015,9,6
236,2015,11,2
237,2012,11,11
237,2013,1,2
237,2013,3,21
237,2013,8,7
237,2013,9,7
237,2013,11,3
237,2014,1,2
237,2014,3,21
237,2014,5,6
237,2014,7,5
237,2014,9,1
237,2015,3,1
237,2015,5,1
237,2015,7,2
237,2015,9,5
237,2015,11,2
238,2012,11,7
238,2013,8,4
238,2013,9,3
238,2013,11,7
238,2014,1,2
238,2014,5,3
238,2014,7,3
238,2014,9,1
238,2014,11,1
238,2015,1,7
238,2015,3,6
238,2015,5,3
238,2015,7,10
238,2015,9,2
238,2015,11,3
241,2012,11,14
241,2013,5,5
241,2014,1,4
241,2014,3,8
241,2014,5,8
241,2014,7,4
241,2015,1,4
241,2015,3,8
241,2015,9,10
241,2015,11,4
244,2012,11,4
244,2013,1,1
244,2013,3,6
244,2013,9,4
244,2013,11,2
244,2014,1,5
244,2014,5,2
244,2014,7,5
244,2014,11,7
244,2015,3,1
244,2015,7,5
244,2015,9,7
244,2015,11,7
246,2012,11,9
246,2013,1,7
246,2013,3,2
246,2013,5,4
246,2013,8,3
246,2013,9,2
246,2013,11,4
246,2014,1,3
246,2014,3,2
246,2014,5,2
246,2014,9,3
246,2014,11,7
246,2015,3,2
246,2015,7,2
246,2015,9,2
246,2015,11,7
247,2012,11,3
247,2013,1,1
247,2013,8,2
247,2013,9,2
247,2013,11,3
247,2014,1,2
247,2014,5,6
247,2014,9,2
247,2014,11,3
247,2015,5,6
247,2015,11,6
248,2012,11,7
248,2013,1,3
248,2013,3,4
248,2013,5,4
248,2013,8,2
248,2014,3,1
248,2014,9,2
248,2014,11,1
248,2015,5,5
248,2015,7,2
248,2015,11,7
249,2012,11,13
249,2013,1,2
249,2013,3,1
249,2013,5,2
249,2013,8,3
249,2013,9,5
249,2014,1,3
249,2014,5,4
249,2014,9,6
249,2014,11,6
249,2015,1,1
249,2015,3,4
249,2015,9,3
249,2015,11,7
251,2013,1,1
251,2013,3,1
251,2013,5,1
251,2014,3,1
251,2014,5,1
251,2014,7,2
251,2014,9,2
251,2014,11,6
251,2015,3,3
251,2015,9,1
251,2015,11,14
252,2012,11,7
252,2013,1,1
252,2013,3,2
252,2013,9,7
252,2013,11,2
252,2014,1,2
252,2014,3,6
252,2014,5,4
252,2014,9,2
252,2014,11,7
252,2015,1,2
252,2015,3,6
252,2015,5,2
252,2015,7,1
252,2015,9,3
252,2015,11,6
253,2012,11,7
253,2013,1,2
253,2013,3,5
253,2013,5,6
253,2013,8,15
253,2013,11,8
253,2014,1,3
253,2014,3,6
253,2014,5,6
253,2014,7,6
253,2014,9,9
253,2014,11,10
253,2015,1,1
253,2015,3,10
253,2015,5,5
253,2015,7,5
253,2015,9,7
253,2015,11,7
254,2012,11,7
254,2013,8,7
254,2013,9,7
254,2013,11,4
254,2014,1,5
254,2014,3,1
254,2014,5,3
254,2014,9,3
254,2014,11,7
254,2015,1,1
254,2015,3,14
254,2015,5,10
254,2015,7,3
254,2015,9,2
254,2015,11,6
257,2012,11,3
257,2013,1,2
257,2013,3,3
257,2013,5,8
257,2013,8,8
257,2013,11,6
257,2014,1,4
257,2014,3,3
257,2014,5,3
257,2014,7,3
257,2014,9,5
257,2014,11,6
257,2015,1,2
257,2015,3,2
257,2015,5,3
257,2015,7,4
257,2015,9,5
257,2015,11,4
258,2012,11,4
258,2013,1,3
258,2013,3,4
258,2013,5,8
258,2013,11,6
258,2014,1,4
258,2014,3,3
258,2014,5,12
258,2014,7,4
258,2014,9,3
258,2014,11,6
258,2015,1,5
258,2015,9,2
258,2015,11,6
259,2012,11,6
259,2013,1,6
259,2013,3,4
259,2013,5,6
259,2013,8,3
259,2013,9,5
259,2013,11,8
259,2014,1,10
259,2014,3,4
259,2014,5,6
259,2014,7,6
259,2014,9,6
259,2014,11,8
259,2015,1,10
259,2015,3,8
259,2015,5,5
259,2015,7,10
259,2015,9,6
259,2015,11,5
260,2012,11,2
260,2013,1,1
260,2013,3,3
260,2013,5,3
260,2013,8,2
260,2013,9,1
260,2013,11,1
260,2014,1,1
260,2014,3,3
260,2014,5,1
260,2014,9,6
260,2014,11,3
260,2015,1,2
260,2015,3,3
260,2015,5,5
260,2015,7,3
260,2015,9,7
260,2015,11,2
262,2012,11,10
262,2013,1,10
262,2013,5,15
262,2013,8,21
262,2013,9,17
262,2013,11,5
262,2014,1,4
262,2014,7,4
262,2014,9,12
262,2014,11,6
262,2015,1,1
262,2015,3,8
262,2015,5,4
262,2015,7,3
262,2015,9,9
262,2015,11,3
265,2012,11,6
265,2013,1,9
265,2013,3,2
265,2013,5,6
265,2013,8,14
265,2013,9,10
265,2013,11,10
265,2014,1,10
265,2014,3,4
265,2014,5,4
265,2014,7,1
265,2014,9,7
265,2014,11,6
265,2015,1,2
265,2015,3,3
265,2015,5,7
265,2015,7,2
265,2015,9,4
267,2012,11,10
267,2013,1,1
267,2013,3,1
267,2013,5,5
267,2013,8,1
267,2013,9,5
267,2013,11,6
267,2014,1,3
267,2014,3,8
267,2014,5,6
267,2014,7,8
267,2014,9,6
267,2014,11,9
267,2015,1,5
267,2015,5,4
267,2015,7,6
267,2015,9,14
267,2015,11,5
269,2012,11,6
269,2013,1,7
269,2013,3,3
269,2013,5,6
269,2013,8,3
269,2013,9,7
269,2013,11,5
269,2014,1,4
269,2014,3,3
269,2014,5,4
269,2014,7,2
269,2014,9,4
269,2014,11,3
269,2015,1,6
269,2015,3,2
269,2015,5,3
269,2015,7,8
269,2015,9,6
269,2015,11,3
271,2012,11,9
271,2013,1,7
271,2013,3,9
271,2013,5,4
271,2013,8,16
271,2013,9,8
271,2013,11,10
271,2014,1,8
271,2014,3,4
271,2014,5,6
271,2014,7,6
271,2014,9,10
271,2014,11,12
271,2015,1,12
271,2015,3,12
271,2015,5,4
271,2015,7,6
271,2015,9,6
271,2015,11,8
272,2012,11,4
272,2013,1,1
272,2013,3,6
272,2013,5,6
272,2013,8,4
272,2013,9,12
272,2013,11,10
272,2014,1,5
272,2014,3,3
272,2014,5,4
272,2014,9,3
272,2014,11,4
272,2015,1,8
272,2015,3,2
272,2015,5,1
272,2015,7,4
272,2015,9,9
272,2015,11,6
275,2012,11,6
275,2013,1,5
275,2013,9,3
275,2014,7,14
275,2014,9,1
275,2014,11,2
275,2015,1,2
275,2015,3,2
275,2015,5,7
275,2015,7,6
275,2015,9,4
275,2015,11,2
276,2012,11,7
276,2013,1,7
276,2013,9,3
276,2013,11,7
276,2014,3,3
276,2014,9,14
276,2014,11,6
276,2015,3,1
276,2015,5,4
276,2015,7,9
276,2015,9,5
276,2015,11,10
278,2013,1,7
278,2013,8,14
278,2013,9,1
278,2014,7,10
278,2014,9,5
278,2014,11,3
278,2015,5,7
278,2015,9,7
278,2015,11,8
279,2012,11,3
279,2013,1,3
279,2013,9,3
279,2013,11,4
279,2014,1,2
279,2014,3,4
279,2014,5,4
279,2014,7,3
279,2014,9,2
279,2014,11,5
279,2015,1,3
279,2015,3,2
279,2015,5,4
279,2015,7,2
279,2015,9,3
279,2015,11,5
280,2013,8,3
280,2013,9,2
280,2013,11,7
280,2014,7,3
280,2014,9,9
280,2014,11,9
280,2015,7,3
280,2015,9,5
280,2015,11,7
282,2012,11,2
282,2013,8,3
282,2013,9,1
282,2014,9,2
282,2015,3,3
282,2015,5,3
282,2015,7,2
283,2012,11,1
283,2013,8,5
283,2013,9,9
283,2014,3,3
283,2014,7,7
283,2014,9,6
283,2015,3,4
283,2015,5,12
283,2015,7,9
283,2015,9,2
283,2015,11,5
284,2012,11,3
284,2013,8,3
284,2014,3,2
284,2014,7,3
284,2014,9,6
284,2015,5,2
284,2015,7,1
284,2015,9,2
285,2012,11,4
285,2013,8,3
285,2013,9,7
285,2014,1,1
285,2014,5,7
285,2014,11,7
285,2015,3,5
285,2015,5,4
285,2015,7,3
285,2015,9,2
285,2015,11,3
288,2012,11,7
288,2014,9,2
288,2014,11,1
288,2015,1,1
288,2015,3,3
288,2015,7,2
288,2015,9,2
288,2015,11,3
289,2013,8,1
289,2013,9,3
289,2013,11,5
289,2014,1,1
289,2014,3,3
289,2014,7,1
289,2014,9,2
289,2014,11,1
289,2015,5,2
289,2015,7,3
289,2015,9,6
290,2012,11,2
290,2013,1,2
290,2013,3,2
290,2013,8,14
290,2013,9,6
290,2013,11,6
290,2014,1,4
290,2014,3,4
290,2014,5,2
290,2014,7,2
290,2014,9,2
290,2014,11,4
290,2015,1,1
290,2015,3,3
290,2015,5,4
290,2015,7,4
291,2012,11,7
291,2013,8,5
291,2013,9,8
291,2013,11,3
291,2014,7,2
291,2014,9,4
291,2014,11,6
291,2015,1,2
291,2015,3,2
291,2015,5,2
291,2015,7,5
291,2015,9,3
291,2015,11,4
292,2013,1,8
292,2013,8,7
292,2013,9,12
292,2013,11,4
292,2014,9,8
292,2015,9,2
292,2015,11,5
293,2012,11,7
293,2013,1,1
293,2013,8,3
293,2013,9,3
293,2013,11,3
293,2014,1,2
293,2014,3,2
293,2014,5,2
293,2014,9,2
293,2014,11,2
293,2015,1,4
293,2015,3,5
293,2015,5,10
293,2015,7,3
293,2015,9,5
293,2015,11,2
297,2012,11,4
297,2013,3,1
297,2013,8,3
297,2014,1,2
297,2014,7,3
297,2014,9,10
297,2014,11,4
297,2015,1,2
297,2015,3,3
297,2015,5,5
297,2015,7,5
297,2015,11,7
300,2012,11,7
300,2013,1,2
300,2013,3,1
300,2013,5,4
300,2013,8,7
300,2013,9,7
300,2013,11,7
300,2014,1,3
300,2014,3,2
300,2014,7,11
300,2014,9,8
300,2014,11,13
300,2015,1,3
300,2015,3,12
300,2015,5,7
300,2015,7,3
300,2015,9,5
300,2015,11,3
301,2013,8,3
301,2013,9,4
301,2013,11,1
301,2014,7,2
301,2014,9,6
301,2014,11,1
301,2015,3,2
301,2015,5,2
301,2015,7,6
301,2015,9,6
303,2012,11,2
303,2013,1,2
303,2013,3,2
303,2013,8,2
303,2013,9,8
303,2013,11,7
303,2014,1,3
303,2014,3,4
303,2014,5,3
303,2014,7,7
303,2014,9,4
303,2014,11,7
303,2015,1,2
303,2015,3,6
303,2015,9,4
303,2015,11,2
304,2012,11,7
304,2013,8,7
304,2013,9,7
304,2013,11,7
304,2014,7,7
304,2014,9,3
304,2014,11,2
304,2015,1,2
304,2015,5,3
304,2015,7,5
304,2015,9,2
304,2015,11,1
305,2012,11,14
305,2013,1,6
305,2013,3,14
305,2013,5,4
305,2013,8,6
305,2013,9,14
305,2013,11,7
305,2014,1,4
305,2014,3,4
305,2014,5,6
305,2014,7,8
305,2014,9,10
305,2014,11,16
305,2015,1,14
305,2015,3,1
305,2015,5,6
305,2015,7,9
305,2015,9,3
305,2015,11,8
306,2012,11,7
306,2013,3,3
306,2013,8,14
306,2013,9,5
306,2013,11,14
306,2014,7,6
306,2014,9,13
306,2014,11,11
306,2015,1,6
306,2015,5,1
306,2015,7,11
306,2015,9,6
306,2015,11,7
310,2012,11,10
310,2013,1,4
310,2013,3,2
310,2013,8,12
310,2013,9,7
310,2013,11,7
310,2014,1,3
310,2014,3,2
310,2014,5,2
310,2014,7,10
310,2014,9,7
310,2014,11,11
310,2015,1,5
310,2015,3,4
310,2015,5,5
310,2015,7,7
310,2015,9,8
310,2015,11,7
311,2012,11,7
311,2013,3,3
311,2013,8,1
311,2013,9,7
311,2013,11,7
311,2014,11,11
311,2015,1,1
311,2015,7,6
311,2015,9,6
311,2015,11,7
312,2013,8,7
312,2013,9,7
312,2013,11,7
312,2014,7,5
312,2014,9,2
312,2014,11,2
312,2015,1,3
312,2015,5,3
312,2015,7,2
312,2015,9,5
312,2015,11,6
313,2012,11,2
313,2013,1,2
313,2013,3,10
313,2013,5,2
313,2013,8,6
313,2013,9,17
313,2014,1,12
313,2014,3,7
313,2014,5,4
313,2014,7,21
313,2014,9,6
313,2014,11,7
313,2015,1,3
313,2015,3,2
313,2015,5,2
313,2015,7,7
313,2015,9,5
313,2015,11,7
316,2012,11,5
316,2013,1,6
316,2013,3,14
316,2013,5,6
316,2013,8,2
316,2013,9,5
316,2014,1,14
316,2014,3,4
316,2014,5,4
316,2014,7,2
316,2014,9,10
316,2014,11,14
316,2015,1,7
316,2015,3,1
316,2015,5,6
316,2015,7,12
316,2015,9,2
316,2015,11,7
318,2012,11,8
318,2013,1,5
318,2013,3,12
318,2013,5,3
318,2013,8,7
318,2013,9,14
318,2013,11,10
318,2014,1,5
318,2014,3,4
318,2014,5,4
318,2014,9,15
318,2014,11,10
318,2015,1,2
318,2015,3,8
318,2015,7,6
318,2015,9,2
318,2015,11,12
319,2012,11,9
319,2013,1,2
319,2013,3,14
319,2013,5,6
319,2013,8,2
319,2013,9,10
319,2013,11,3
319,2014,1,1
319,2014,3,5
319,2014,5,7
319,2014,7,9
319,2014,9,21
319,2014,11,16
319,2015,1,2
319,2015,3,4
319,2015,5,8
319,2015,7,5
319,2015,11,16
320,2012,11,9
320,2013,1,4
320,2013,3,5
320,2013,5,14
320,2013,8,3
320,2013,9,5
320,2013,11,14
320,2014,1,7
320,2014,3,4
320,2014,7,4
320,2014,9,10
320,2014,11,11
320,2015,1,2
320,2015,3,4
320,2015,5,2
320,2015,7,5
320,2015,9,3
320,2015,11,5
321,2012,11,9
321,2013,8,4
321,2013,9,7
321,2013,11,7
321,2014,1,3
321,2014,3,3
321,2014,5,35
321,2014,7,35
321,2014,9,21
321,2014,11,20
321,2015,1,12
321,2015,3,14
321,2015,5,10
321,2015,7,4
321,2015,9,14
321,2015,11,11
322,2012,11,7
322,2013,5,3
322,2013,8,8
322,2013,9,7
322,2013,11,10
322,2014,1,2
322,2014,3,2
322,2014,7,12
322,2014,9,28
322,2014,11,14
322,2015,1,3
322,2015,3,3
322,2015,5,3
322,2015,7,3
322,2015,9,16
322,2015,11,9
323,2012,11,16
323,2013,1,7
323,2013,8,7
323,2013,9,6
323,2013,11,7
323,2014,1,2
323,2014,3,7
323,2014,5,3
323,2014,7,9
323,2014,9,7
323,2014,11,10
323,2015,1,3
323,2015,3,7
323,2015,5,5
323,2015,7,2
323,2015,9,14
323,2015,11,7
324,2012,11,3
324,2013,8,3
324,2013,9,1
324,2013,11,10
324,2014,1,2
324,2014,7,4
324,2014,9,8
324,2014,11,5
324,2015,1,2
324,2015,3,3
324,2015,5,5
324,2015,7,3
324,2015,9,12
324,2015,11,10
326,2012,11,3
326,2013,5,6
326,2013,8,8
326,2013,9,7
326,2013,11,3
326,2014,1,2
326,2014,3,3
326,2014,5,6
326,2014,7,20
326,2014,9,10
326,2014,11,10
326,2015,1,2
326,2015,3,2
326,2015,5,3
326,2015,7,4
326,2015,9,14
326,2015,11,2
329,2012,11,7
329,2013,1,3
329,2013,3,4
329,2013,8,3
329,2014,1,7
329,2014,3,7
329,2014,5,2
329,2014,7,8
329,2014,9,8
329,2014,11,7
329,2015,1,2
329,2015,3,8
329,2015,5,5
329,2015,7,5
329,2015,9,9
329,2015,11,6
333,2012,11,7
333,2013,8,7
333,2013,9,7
333,2013,11,7
333,2014,1,4
333,2014,3,1
333,2014,5,14
333,2014,7,10
333,2014,9,14
333,2014,11,10
333,2015,3,4
333,2015,5,2
333,2015,7,3
333,2015,9,9
333,2015,11,14
334,2012,11,14
334,2013,1,3
334,2013,8,6
334,2013,9,7
334,2013,11,7
334,2014,1,7
334,2014,3,4
334,2014,5,5
334,2014,7,18
334,2014,9,9
334,2014,11,7
334,2015,1,1
334,2015,3,2
334,2015,5,8
334,2015,7,3
334,2015,9,6
334,2015,11,7
335,2012,11,7
335,2013,1,2
335,2013,8,6
335,2013,9,21
335,2013,11,7
335,2014,3,1
335,2014,5,5
335,2014,7,6
335,2014,9,10
335,2014,11,7
335,2015,1,1
335,2015,3,1
335,2015,5,3
335,2015,7,3
335,2015,9,4
335,2015,11,7
336,2012,11,10
336,2013,8,6
336,2014,1,3
336,2014,3,1
336,2014,5,14
336,2014,7,7
336,2014,9,2
336,2014,11,2
336,2015,1,6
336,2015,3,6
336,2015,5,4
336,2015,7,2
336,2015,9,4
336,2015,11,7
337,2012,11,1
337,2013,9,2
337,2013,11,7
337,2014,1,3
337,2014,3,2
337,2014,5,3
337,2014,7,11
337,2014,9,8
337,2014,11,2
337,2015,1,5
337,2015,3,2
337,2015,5,8
337,2015,7,6
337,2015,9,2
337,2015,11,6
338,2012,11,7
338,2013,8,10
338,2013,9,1
338,2013,11,7
338,2014,1,4
338,2014,5,8
338,2014,7,7
338,2014,9,14
338,2014,11,7
338,2015,1,1
338,2015,5,2
338,2015,7,2
338,2015,9,5
339,2014,9,8
340,2013,8,2
340,2013,9,3
340,2013,11,4
340,2014,1,1
340,2014,5,16
340,2014,7,2
340,2014,9,6
340,2015,1,2
340,2015,5,2
340,2015,9,2
340,2015,11,2
342,2012,11,1
342,2013,8,8
342,2013,9,1
342,2013,11,2
342,2014,1,2
342,2014,3,2
342,2014,5,5
342,2014,7,7
342,2014,9,6
342,2014,11,3
342,2015,1,4
342,2015,3,3
342,2015,5,4
342,2015,7,6
342,2015,11,3
344,2013,8,21
344,2013,9,3
344,2013,11,14
344,2014,1,1
344,2014,3,3
344,2014,5,5
344,2014,7,10
344,2014,9,10
344,2014,11,7
344,2015,3,3
344,2015,5,3
344,2015,7,4
344,2015,9,5
344,2015,11,10
346,2012,11,5
346,2013,1,3
346,2013,8,9
346,2013,9,7
346,2014,1,7
346,2014,3,2
346,2014,5,7
346,2014,7,5
346,2014,9,4
346,2014,11,10
346,2015,1,2
346,2015,3,3
346,2015,5,4
346,2015,7,4
346,2015,9,9
346,2015,11,7
347,2012,11,3
347,2013,1,7
347,2013,8,14
347,2013,9,7
347,2013,11,4
347,2014,1,3
347,2014,5,4
347,2014,7,2
347,2014,9,7
347,2014,11,7
347,2015,5,5
347,2015,7,6
347,2015,9,9
347,2015,11,9
348,2012,11,4
348,2013,1,17
348,2013,11,4
348,2014,1,3
348,2014,3,2
348,2014,5,11
348,2014,7,4
348,2014,9,4
348,2014,11,5
348,2015,1,4
348,2015,3,5
348,2015,5,7
348,2015,7,2
348,2015,9,7
350,2012,11,3
350,2013,1,2
350,2013,11,4
350,2014,1,5
350,2014,3,2
350,2014,5,4
350,2014,7,4
350,2014,9,3
350,2014,11,7
350,2015,1,4
350,2015,5,16
350,2015,7,2
350,2015,9,6
350,2015,11,3
351,2012,11,3
351,2013,1,2
351,2013,9,2
351,2013,11,7
351,2014,1,3
351,2014,3,3
351,2014,5,4
351,2014,7,5
351,2014,9,4
351,2014,11,13
351,2015,1,4
351,2015,3,3
351,2015,5,1
351,2015,7,5
351,2015,9,10
356,2012,11,7
356,2013,1,5
356,2013,3,7
356,2013,8,21
356,2013,9,14
356,2013,11,8
356,2014,3,1
356,2014,7,10
356,2014,11,5
356,2015,1,1
357,2013,1,2
357,2013,8,3
357,2013,9,4
357,2013,11,14
357,2014,1,3
358,2012,11,7
358,2013,8,2
358,2013,9,3
358,2014,1,3
358,2014,9,2
358,2014,11,2
358,2015,9,2
359,2012,11,4
359,2013,3,3
359,2013,8,4
359,2013,9,14
359,2013,11,7
359,2014,1,4
359,2014,7,7
359,2014,9,3
359,2014,11,2
359,2015,1,1
359,2015,3,1
359,2015,9,9
360,2012,11,3
360,2013,8,1
360,2013,9,10
361,2012,11,15
361,2013,8,3
361,2013,9,7
361,2014,1,2
361,2015,1,2
363,2012,11,3
363,2013,1,1
363,2013,8,5
363,2013,9,7
363,2013,11,4
364,2012,11,7
364,2013,3,1
364,2013,8,3
364,2013,9,6
364,2013,11,4
364,2014,11,4
365,2012,11,3
365,2013,8,7
365,2013,9,8
368,2013,8,14
368,2013,9,4
368,2013,11,7
368,2014,9,1
370,2013,8,3
370,2013,9,3
370,2014,1,7
370,2014,7,4
370,2014,9,9
370,2014,11,7
370,2015,3,6
370,2015,5,2
370,2015,9,4
370,2015,11,9
371,2012,11,7
371,2013,8,7
371,2013,9,7
371,2014,7,3
371,2014,9,4
371,2014,11,6
371,2015,1,7
371,2015,5,5
371,2015,7,5
371,2015,9,5
371,2015,11,1
374,2012,11,3
374,2013,8,1
374,2013,9,7
374,2014,1,1
374,2014,3,1
374,2014,7,7
374,2014,9,5
374,2014,11,9
374,2015,7,4
374,2015,9,3
374,2015,11,4
375,2012,11,7
375,2013,8,3
375,2013,9,4
375,2014,5,1
375,2014,7,3
375,2014,9,2
375,2015,3,7
375,2015,5,6
375,2015,9,2
375,2015,11,9
376,2012,11,8
376,2013,8,7
376,2013,9,3
376,2013,11,7
376,2014,1,7
376,2014,7,6
376,2014,9,11
376,2014,11,14
376,2015,1,3
376,2015,3,3
376,2015,5,1
376,2015,7,2
376,2015,9,6
376,2015,11,14
378,2013,5,2
379,2012,11,7
379,2013,1,6
379,2013,8,7
379,2013,9,7
379,2014,1,2
379,2014,3,1
379,2014,5,2
379,2014,7,10
379,2014,9,7
379,2014,11,7
379,2015,5,2
379,2015,7,4
379,2015,9,1
379,2015,11,2
380,2014,1,7
380,2014,3,4
380,2014,7,3
380,2014,9,3
380,2014,11,10
380,2015,3,3
380,2015,7,2
380,2015,9,2
380,2015,11,2
381,2013,1,1
381,2013,5,2
381,2013,8,7
381,2013,9,3
381,2013,11,2
381,2014,1,4
381,2014,3,3
381,2014,7,14
381,2014,9,6
381,2014,11,11
381,2015,1,2
381,2015,3,4
381,2015,5,2
381,2015,9,8
381,2015,11,4
382,2012,11,7
382,2013,1,7
382,2013,3,7
383,2012,11,7
383,2013,1,4
383,2013,3,7
383,2013,5,7
383,2014,11,9
384,2013,9,9
384,2013,11,7
384,2014,1,7
384,2014,3,2
384,2014,5,4
384,2014,7,4
384,2014,9,2
384,2014,11,12
384,2015,1,1
384,2015,3,2
384,2015,5,1
384,2015,7,4
384,2015,9,1
384,2015,11,6
385,2012,11,7
385,2013,1,3
385,2013,8,7
385,2013,9,7
385,2014,1,3
385,2014,3,14
385,2014,7,14
385,2014,9,14
385,2015,1,1
385,2015,3,3
385,2015,7,10
385,2015,9,4
385,2015,11,6
386,2012,11,7
386,2013,8,5
386,2013,9,10
386,2013,11,7
386,2014,1,7
386,2014,3,4
386,2014,5,2
386,2014,7,4
386,2014,9,2
386,2014,11,5
386,2015,1,5
386,2015,3,2
386,2015,7,2
386,2015,9,7
386,2015,11,2
387,2014,11,2
387,2015,9,4
388,2012,11,4
388,2013,1,8
388,2013,8,11
388,2013,9,14
388,2013,11,2
388,2014,1,2
388,2014,3,2
388,2014,5,2
388,2014,7,4
388,2014,11,4
388,2015,1,4
388,2015,3,2
388,2015,7,4
388,2015,9,9
388,2015,11,7
389,2013,1,1
389,2013,8,14
389,2013,9,7
389,2014,1,5
389,2014,3,2
389,2014,5,5
389,2014,7,5
389,2014,9,4
389,2014,11,5
389,2015,1,4
389,2015,7,4
389,2015,9,4
390,2012,11,7
390,2013,1,4
390,2013,8,5
390,2013,9,7
390,2014,1,3
390,2014,3,1
390,2014,5,3
390,2014,7,3
390,2014,9,7
390,2014,11,3
390,2015,1,3
390,2015,3,1
390,2015,9,7
390,2015,11,9
393,2013,11,7
393,2014,1,1
393,2014,3,2
393,2014,5,4
393,2014,7,5
393,2014,9,8
393,2014,11,6
393,2015,1,4
393,2015,3,2
393,2015,5,4
393,2015,7,2
393,2015,9,4
393,2015,11,2
394,2013,1,7
394,2013,8,2
394,2013,9,5
394,2013,11,14
394,2014,1,4
394,2014,3,1
394,2014,9,3
394,2014,11,2
394,2015,3,4
394,2015,5,2
394,2015,7,7
394,2015,9,6
394,2015,11,11
396,2013,1,6
396,2013,3,6
396,2013,5,8
396,2013,8,4
396,2013,9,3
396,2014,1,1
396,2014,3,2
396,2014,5,4
396,2014,7,3
396,2014,9,4
396,2014,11,12
396,2015,1,3
396,2015,3,3
396,2015,5,6
396,2015,7,4
396,2015,9,10
396,2015,11,6
397,2012,11,3
397,2013,1,1
397,2013,5,3
397,2013,8,7
397,2013,9,9
397,2013,11,7
397,2014,1,1
397,2014,5,6
397,2014,7,3
397,2014,9,3
397,2014,11,5
397,2015,1,3
397,2015,3,7
397,2015,5,3
397,2015,7,4
397,2015,9,3
399,2012,11,1
399,2013,1,2
399,2013,3,1
399,2013,5,2
399,2013,8,9
399,2013,9,7
400,2012,11,1
400,2013,5,10
400,2013,8,4
400,2013,11,10
400,2014,1,2
400,2014,3,7
400,2014,5,9
400,2014,7,2
400,2014,9,5
400,2014,11,4
400,2015,1,4
400,2015,3,3
400,2015,5,5
400,2015,7,4
400,2015,9,11
400,2015,11,11
401,2012,11,5
401,2013,1,3
401,2013,8,5
401,2013,9,6
402,2012,11,3
402,2013,8,8
402,2013,9,7
402,2013,11,7
402,2014,3,4
402,2014,9,4
402,2015,1,3
402,2015,3,4
402,2015,5,1
402,2015,7,1
402,2015,9,12
403,2012,11,7
403,2013,8,2
403,2013,9,1
405,2012,11,21
405,2013,1,3
405,2013,8,2
405,2013,9,9
405,2014,5,2
405,2014,7,4
405,2014,9,2
408,2012,11,7
408,2013,8,7
408,2013,9,7
408,2013,11,5
408,2014,1,1
408,2014,7,3
408,2014,9,7
408,2014,11,7
408,2015,1,2
408,2015,11,7
409,2012,11,7
409,2013,1,4
409,2013,3,4
409,2013,5,4
409,2013,8,14
409,2013,9,7
409,2013,11,7
409,2014,7,2
409,2014,9,3
412,2012,11,7
412,2013,1,1
412,2013,3,2
412,2013,8,4
412,2013,9,14
412,2013,11,7
412,2014,9,3
412,2015,11,1
413,2012,11,7
413,2013,3,3
413,2013,8,10
413,2013,9,7
413,2013,11,7
413,2014,7,2
413,2014,11,3
414,2012,11,6
414,2013,8,10
414,2013,9,2
414,2013,11,7
414,2014,7,4
415,2012,11,7
415,2013,1,1
415,2013,3,6
415,2013,5,3
415,2013,8,17
415,2013,9,13
415,2013,11,21
415,2014,7,4
415,2014,9,4
415,2014,11,3
415,2015,11,1
418,2013,1,4
418,2013,3,2
418,2013,5,6
418,2013,8,3
418,2013,9,14
418,2013,11,13
418,2014,1,7
418,2014,7,2
418,2014,9,3
418,2014,11,7
418,2015,1,7
418,2015,3,7
418,2015,11,2
419,2013,3,1
419,2013,8,3
419,2013,9,9
419,2013,11,1
419,2014,1,3
419,2014,7,3
420,2012,11,3
420,2013,1,1
420,2013,3,2
420,2013,8,12
420,2013,9,7
420,2013,11,11
420,2014,1,3
420,2014,3,3
420,2014,7,2
420,2014,11,4
420,2015,7,2
423,2012,11,6
423,2013,1,6
423,2013,3,5
423,2013,5,1
423,2013,8,2
423,2013,9,14
423,2013,11,6
423,2014,11,3
423,2015,1,3
423,2015,11,3
424,2012,11,14
424,2013,11,7
424,2014,3,1
424,2014,7,7
424,2014,9,8
424,2014,11,1
424,2015,1,4
424,2015,9,1
425,2012,11,9
425,2013,1,4
425,2013,8,1
425,2013,9,16
425,2013,11,14
425,2014,3,1
425,2014,5,7
425,2014,7,6
425,2014,9,4
425,2015,7,1
425,2015,9,5
426,2015,5,1
426,2015,11,2
427,2012,11,6
427,2013,1,6
427,2013,3,7
427,2013,5,7
427,2013,8,5
427,2013,9,14
427,2013,11,6
427,2014,1,3
427,2014,3,1
427,2014,5,7
427,2014,7,11
427,2014,9,15
427,2014,11,8
427,2015,1,3
427,2015,3,3
427,2015,7,2
427,2015,9,2
427,2015,11,8
429,2012,11,7
429,2013,8,3
429,2013,9,4
429,2013,11,4
429,2014,1,3
429,2014,9,4
429,2014,11,3
430,2012,11,3
430,2013,1,3
430,2013,3,3
430,2013,5,1
430,2013,8,14
430,2013,9,14
430,2013,11,9
430,2014,1,3
430,2014,3,1
430,2014,5,7
430,2014,7,2
430,2014,11,6
430,2015,7,4
430,2015,9,14
432,2013,1,2
432,2013,3,7
432,2013,5,7
432,2013,8,8
432,2013,11,4
432,2014,1,3
432,2014,7,8
432,2014,9,6
432,2014,11,7
432,2015,7,3
432,2015,9,4
432,2015,11,7
435,2012,11,6
435,2013,1,5
435,2013,3,6
435,2013,5,1
435,2013,8,7
435,2013,9,14
435,2013,11,2
435,2014,5,7
435,2014,9,5
435,2015,1,2
435,2015,5,9
435,2015,7,2
436,2012,11,3
436,2013,1,7
436,2013,5,5
436,2013,8,7
436,2013,9,7
436,2013,11,7
436,2014,3,3
436,2014,7,2
436,2014,9,7
436,2014,11,7
436,2015,1,2
436,2015,5,3
437,2012,11,4
437,2013,3,6
437,2013,8,8
437,2013,11,3
437,2014,9,5
437,2015,11,2
438,2012,11,5
438,2013,3,2
438,2013,5,3
438,2013,8,9
438,2013,9,10
438,2013,11,7
438,2014,3,7
438,2014,11,9
438,2015,1,7
438,2015,5,2
440,2012,11,7
440,2013,1,2
440,2013,3,7
440,2013,8,7
440,2013,9,7
440,2013,11,14
440,2014,3,1
440,2014,7,3
440,2014,9,2
440,2014,11,3
440,2015,5,2
440,2015,7,7
442,2012,11,3
442,2013,1,7
442,2013,3,4
442,2013,5,1
442,2013,8,7
442,2013,9,7
442,2014,5,2
443,2012,11,7
443,2013,1,3
443,2013,3,7
443,2013,5,4
443,2013,8,7
443,2013,9,7
443,2013,11,7
443,2014,5,7
443,2014,9,1
443,2014,11,3
443,2015,1,2
443,2015,9,2
444,2012,11,4
444,2013,1,7
444,2013,3,2
444,2013,5,1
444,2013,11,8
444,2015,1,2
444,2015,5,1
444,2015,11,1
445,2012,11,3
445,2013,1,2
445,2013,3,3
445,2013,5,2
445,2013,8,4
445,2013,9,7
445,2013,11,1
445,2014,3,2
445,2015,9,1
446,2012,11,7
446,2013,3,6
446,2013,5,1
446,2013,8,7
446,2013,9,14
446,2013,11,7
449,2012,11,7
449,2013,1,5
449,2013,5,4
449,2013,8,1
449,2013,9,7
449,2013,11,3
449,2014,1,4
449,2014,3,1
449,2014,5,6
449,2014,7,14
449,2014,9,13
449,2014,11,10
449,2015,1,7
449,2015,3,7
449,2015,5,4
449,2015,7,7
449,2015,9,7
449,2015,11,7
451,2012,11,7
451,2013,9,2
451,2013,11,21
451,2014,1,9
451,2014,3,3
451,2014,5,6
451,2014,7,1
451,2014,9,7
451,2014,11,4
451,2015,1,4
451,2015,3,1
451,2015,5,10
451,2015,7,4
451,2015,9,13
451,2015,11,8
452,2012,11,4
452,2013,1,1
452,2013,3,8
452,2013,8,8
452,2013,9,14
452,2013,11,14
452,2014,1,5
452,2014,3,3
452,2014,5,7
452,2014,7,6
452,2014,9,7
452,2014,11,13
452,2015,1,7
452,2015,3,6
452,2015,5,5
452,2015,7,7
452,2015,9,21
452,2015,11,7
453,2012,11,8
453,2013,1,4
453,2013,3,2
453,2013,5,2
453,2013,8,14
453,2013,9,14
453,2013,11,7
453,2014,1,1
453,2014,3,3
453,2014,5,3
453,2014,7,9
453,2014,9,9
453,2014,11,7
453,2015,1,3
453,2015,3,6
453,2015,5,4
453,2015,7,7
453,2015,9,10
453,2015,11,7
454,2012,11,7
454,2013,1,3
454,2013,3,7
454,2013,8,7
454,2013,9,7
454,2013,11,7
454,2014,1,7
454,2014,5,1
454,2014,7,6
454,2014,9,2
454,2014,11,4
454,2015,3,1
454,2015,5,1
454,2015,7,7
454,2015,9,3
454,2015,11,7
458,2013,8,7
458,2013,9,7
458,2013,11,4
458,2014,3,2
458,2014,7,2
458,2014,9,2
458,2014,11,4
458,2015,7,1
458,2015,9,7
458,2015,11,4
460,2012,11,7
460,2013,1,7
460,2013,3,2
460,2013,5,2
460,2013,8,7
460,2013,9,7
460,2013,11,7
460,2014,1,1
460,2014,3,2
460,2014,5,2
460,2014,7,3
460,2014,9,7
460,2014,11,10
460,2015,1,3
460,2015,3,3
460,2015,5,2
460,2015,7,2
460,2015,9,7
460,2015,11,7
462,2012,11,23
462,2013,1,14
462,2013,3,7
462,2013,9,15
462,2013,11,21
462,2014,1,12
462,2014,3,10
462,2014,5,2
462,2014,7,8
462,2014,9,16
462,2014,11,19
462,2015,1,7
462,2015,3,1
462,2015,5,7
462,2015,7,3
462,2015,9,8
462,2015,11,9
463,2012,11,1
463,2013,1,4
463,2013,3,8
463,2013,5,2
463,2013,8,14
463,2013,9,5
463,2013,11,3
463,2014,1,3
463,2014,3,2
463,2014,7,9
463,2014,9,11
463,2014,11,8
463,2015,3,7
463,2015,5,2
463,2015,7,3
463,2015,9,10
463,2015,11,8
464,2012,11,8
464,2013,1,6
464,2013,3,6
464,2013,5,6
464,2013,8,7
464,2013,9,3
464,2013,11,14
464,2014,1,7
464,2014,3,12
464,2014,5,3
464,2014,7,7
464,2014,9,3
464,2014,11,11
464,2015,1,3
464,2015,3,10
464,2015,5,11
464,2015,7,7
464,2015,9,10
465,2012,11,3
465,2013,1,2
465,2013,3,1
465,2013,5,1
465,2013,9,2
465,2014,1,3
465,2014,7,2
465,2014,9,1
465,2015,7,5
466,2013,8,3
466,2013,9,4
466,2014,7,5
466,2015,1,3
466,2015,3,6
466,2015,9,6
466,2015,11,7
469,2012,11,5
469,2013,1,3
469,2013,3,3
469,2013,8,3
469,2013,9,5
469,2014,1,6
469,2014,3,6
469,2014,5,7
469,2014,7,7
469,2014,9,4
469,2014,11,1
469,2015,1,8
469,2015,7,3
469,2015,9,4
469,2015,11,7
470,2012,11,6
470,2013,1,6
470,2013,3,3
470,2013,8,2
470,2013,9,7
470,2013,11,3
470,2014,1,6
470,2014,3,3
470,2014,5,1
470,2014,7,2
470,2014,9,4
470,2014,11,7
470,2015,1,6
470,2015,3,3
470,2015,7,7
470,2015,9,7
470,2015,11,7
472,2013,1,4
472,2013,5,3
472,2013,8,7
472,2013,9,7
472,2014,3,3
472,2014,9,7
472,2014,11,7
472,2015,1,3
472,2015,5,6
472,2015,7,2
472,2015,9,4
473,2013,3,4
473,2013,9,3
473,2014,7,3
473,2014,9,4
473,2015,1,2
473,2015,3,7
473,2015,9,7
473,2015,11,3
474,2012,11,2
474,2013,3,4
474,2013,9,3
474,2013,11,7
474,2014,3,7
474,2014,7,7
474,2014,9,3
474,2014,11,5
474,2015,1,3
474,2015,7,1
474,2015,9,7
474,2015,11,7
475,2012,11,5
475,2014,5,1
475,2015,9,3
478,2012,11,3
478,2013,3,3
478,2013,8,3
478,2013,9,7
478,2013,11,2
478,2014,5,2
478,2014,7,5
478,2014,9,1
478,2014,11,7
478,2015,1,3
478,2015,3,2
480,2012,11,12
480,2013,1,4
480,2013,3,7
480,2013,5,2
480,2013,8,6
480,2013,9,7
480,2013,11,2
480,2014,1,7
480,2014,3,7
480,2014,5,3
480,2014,7,5
480,2014,11,6
480,2015,1,2
480,2015,3,5
480,2015,5,4
480,2015,7,3
480,2015,9,7
480,2015,11,7
482,2012,11,7
482,2013,8,7
482,2013,9,4
482,2013,11,2
482,2014,1,3
482,2014,5,1
482,2014,7,7
482,2014,9,3
482,2014,11,5
482,2015,1,2
482,2015,9,4
484,2012,11,3
484,2013,1,2
484,2013,8,2
484,2013,9,4
484,2013,11,3
484,2014,3,14
484,2014,7,5
484,2014,9,2
484,2015,1,5
484,2015,3,3
484,2015,11,7
485,2012,11,3
485,2013,9,7
485,2014,9,7
485,2015,9,7
486,2013,1,2
486,2013,9,7
486,2015,9,7
488,2012,11,7
488,2013,1,2
488,2013,3,7
488,2013,9,7
488,2013,11,7
488,2014,1,3
488,2014,7,7
488,2014,9,7
488,2015,9,7
489,2012,11,2
489,2013,11,3
489,2014,1,5
489,2014,3,3
489,2014,7,2
489,2014,9,2
489,2014,11,4
489,2015,1,3
489,2015,3,4
489,2015,11,7
491,2012,11,3
491,2013,9,5
491,2013,11,2
491,2014,1,7
491,2014,3,21
491,2014,7,2
491,2014,9,7
491,2014,11,7
491,2015,1,7
491,2015,3,7
491,2015,9,4
493,2012,11,1
493,2013,3,7
493,2013,8,7
493,2013,9,7
493,2014,1,7
493,2014,3,7
493,2014,7,7
493,2014,9,7
493,2014,11,7
493,2015,3,6
493,2015,7,7
493,2015,9,7
493,2015,11,1
494,2012,11,14
494,2013,3,4
494,2013,5,14
494,2013,8,7
494,2013,9,8
494,2014,1,21
494,2014,3,14
494,2014,5,7
494,2014,7,3
494,2014,9,6
494,2014,11,7
494,2015,1,6
494,2015,3,14
494,2015,5,14
494,2015,7,14
494,2015,9,7
495,2013,8,1
495,2013,9,4
495,2013,11,4
495,2014,1,14
495,2014,3,14
495,2014,5,14
495,2014,7,3
495,2015,9,2
497,2012,11,3
497,2013,1,1
497,2013,11,5
497,2014,1,7
497,2014,3,5
497,2014,5,3
497,2014,11,5
497,2015,1,5
497,2015,11,7
498,2012,11,7
498,2013,3,7
498,2013,8,7
498,2013,9,7
498,2014,9,7
498,2014,11,7
498,2015,1,3
498,2015,9,7
500,2012,11,2
500,2013,1,4
500,2013,5,2
500,2013,8,4
500,2013,9,4
500,2013,11,2
500,2014,3,2
500,2014,5,2
500,2014,7,2
500,2015,9,3
504,2012,11,5
504,2013,1,7
504,2013,8,7
504,2013,9,2
504,2013,11,7
504,2014,7,2
504,2014,11,7
504,2015,9,7
504,2015,11,7
505,2012,11,7
505,2013,1,10
505,2013,11,5
505,2014,7,6
505,2015,3,7
505,2015,5,7
505,2015,9,7
507,2012,11,4
507,2013,1,2
507,2013,5,1
507,2013,8,7
507,2013,9,3
507,2014,1,3
507,2014,9,5
507,2014,11,4
507,2015,1,5
507,2015,9,5
507,2015,11,7
508,2012,11,5
508,2013,1,13
508,2013,3,3
508,2013,8,3
508,2013,9,5
508,2013,11,4
508,2014,1,7
508,2014,5,7
508,2014,9,7
508,2014,11,7
508,2015,1,2
508,2015,9,11
508,2015,11,14
510,2013,1,20
510,2013,8,7
510,2014,3,1
510,2014,7,2
510,2015,9,2
511,2012,11,14
511,2013,1,7
511,2013,3,7
511,2013,5,3
511,2013,8,3
511,2013,9,7
511,2013,11,5
511,2014,1,7
511,2014,5,7
511,2014,7,7
511,2014,9,4
511,2014,11,7
511,2015,1,7
511,2015,3,7
511,2015,7,7
511,2015,9,7
511,2015,11,3
514,2012,11,3
514,2013,11,4
514,2014,3,2
514,2015,1,4
514,2015,9,3
514,2015,11,7
515,2012,11,7
515,2013,9,3
515,2014,1,1
516,2012,11,14
516,2013,1,1
516,2013,9,14
516,2013,11,4
516,2014,1,7
516,2014,5,7
516,2014,7,7
516,2014,9,4
516,2014,11,7
516,2015,1,7
516,2015,9,7
516,2015,11,7
519,2013,8,1
519,2013,11,1
519,2014,1,7
519,2014,9,4
519,2014,11,7
519,2015,1,7
520,2012,11,3
520,2013,1,2
520,2014,9,2
522,2013,9,7
523,2012,11,4
523,2013,1,3
523,2013,8,7
523,2013,9,3
523,2014,7,1
523,2014,9,4
523,2014,11,7
523,2015,9,1
524,2012,11,5
524,2013,11,3
524,2014,11,7
524,2015,1,4
524,2015,3,7
524,2015,9,4
524,2015,11,7
525,2012,11,6
525,2013,1,1
525,2013,8,1
525,2013,9,4
525,2013,11,4
525,2014,1,2
525,2014,5,1
525,2014,9,7
525,2014,11,3
526,2012,11,7
526,2013,8,3
526,2013,9,7
526,2013,11,7
526,2014,1,7
526,2014,7,2
526,2014,9,5
526,2014,11,7
526,2015,1,7
529,2012,11,2
529,2013,11,3
529,2014,5,3
529,2014,7,1
529,2014,9,4
529,2014,11,4
529,2015,9,2
529,2015,11,2
530,2012,11,4
530,2013,9,3
530,2013,11,3
530,2014,7,1
530,2014,11,4
530,2015,1,3
530,2015,11,1
531,2012,11,2
531,2013,3,3
531,2013,8,3
531,2013,9,1
531,2013,11,1
531,2014,1,2
531,2014,5,2
531,2014,7,2
531,2014,9,4
531,2015,1,3
532,2012,11,14
532,2013,8,7
532,2013,9,3
532,2013,11,3
532,2014,1,2
532,2014,3,3
532,2014,5,1
532,2015,1,7
532,2015,9,5
533,2012,11,7
533,2013,1,7
533,2013,8,7
533,2013,9,7
533,2013,11,7
533,2014,5,3
533,2014,7,5
533,2014,9,7
533,2014,11,7
533,2015,1,4
533,2015,9,4
536,2012,11,7
536,2013,8,4
536,2013,9,3
536,2014,1,1
536,2014,7,3
536,2014,9,2
536,2014,11,7
536,2015,1,2
536,2015,7,1
536,2015,9,2
538,2012,11,1
538,2013,1,2
538,2013,5,2
538,2013,8,2
538,2013,9,5
538,2013,11,2
538,2014,1,1
538,2014,3,1
538,2014,7,2
538,2015,7,2
538,2015,9,2
540,2012,11,2
540,2013,8,7
540,2013,11,2
540,2014,1,4
540,2014,3,4
540,2014,7,2
540,2014,11,7
540,2015,1,4
540,2015,3,2
540,2015,9,7
541,2012,11,1
541,2013,8,3
541,2013,11,3
541,2014,1,2
541,2014,11,7
541,2015,1,4
541,2015,3,1
541,2015,9,2
543,2012,11,2
543,2013,9,7
543,2013,11,1
543,2014,3,2
543,2014,5,4
543,2014,9,2
543,2014,11,4
543,2015,1,4
545,2012,11,4
545,2013,9,4
545,2014,1,7
545,2014,5,5
545,2014,7,7
545,2014,9,5
545,2014,11,3
545,2015,1,5
545,2015,3,10
545,2015,5,2
545,2015,7,7
545,2015,9,5
545,2015,11,5
546,2012,11,5
546,2013,1,2
546,2013,9,2
546,2014,5,4
546,2014,7,4
546,2014,9,7
546,2015,5,1
546,2015,9,7
546,2015,11,7
547,2013,9,7
547,2014,7,5
547,2014,9,7
547,2014,11,7
547,2015,5,3
547,2015,9,7
550,2012,11,3
550,2013,8,7
550,2013,9,7
550,2013,11,7
550,2014,1,9
550,2014,7,7
550,2014,11,7
550,2015,1,7
550,2015,3,7
550,2015,5,7
550,2015,7,7
550,2015,9,7
551,2012,11,4
551,2013,3,2
551,2013,8,7
551,2013,11,2
551,2014,1,3
551,2014,3,0
551,2014,5,1
551,2014,7,3
551,2014,9,7
551,2014,11,7
551,2015,1,7
552,2012,11,3
552,2013,1,7
552,2013,8,7
552,2013,11,7
552,2014,1,7
552,2014,3,2
552,2014,7,7
552,2014,11,4
552,2015,1,3
552,2015,3,3
552,2015,7,3
552,2015,11,7
553,2012,11,4
553,2013,8,7
553,2013,9,3
553,2014,1,7
553,2014,7,7
553,2014,11,5
553,2015,5,7
553,2015,7,4
553,2015,11,7
555,2012,11,4
555,2013,1,1
555,2013,3,4
555,2013,9,3
555,2013,11,4
555,2014,1,3
555,2014,3,5
555,2015,1,7
555,2015,3,7
556,2012,11,4
556,2013,9,5
556,2013,11,3
556,2014,7,7
556,2014,9,2
556,2014,11,4
556,2015,1,2
556,2015,5,4
556,2015,7,1
556,2015,9,6
556,2015,11,7
557,2012,11,4
557,2013,8,1
557,2013,9,4
557,2013,11,5
557,2014,7,1
562,2013,1,6
562,2013,9,3
562,2013,11,2
562,2014,1,8
562,2014,3,3
562,2015,9,7
562,2015,11,2
563,2012,11,14
563,2013,1,14
563,2013,3,2
563,2013,8,7
563,2013,9,7
563,2013,11,7
563,2014,1,7
563,2014,3,3
563,2014,7,2
563,2014,11,7
564,2013,1,4
564,2013,11,7
564,2014,1,1
564,2014,5,7
564,2014,7,6
564,2014,11,7
564,2015,1,7
564,2015,3,7
564,2015,5,7
564,2015,7,5
564,2015,9,7
565,2013,1,9
565,2013,8,7
565,2013,9,7
565,2014,9,7
565,2015,3,7
565,2015,9,7
565,2015,11,7
566,2012,11,2
566,2013,1,2
566,2013,3,7
566,2013,9,7
566,2013,11,3
566,2014,1,7
566,2014,3,5
566,2014,11,7
566,2015,1,2
567,2012,11,7
567,2013,1,2
567,2013,8,1
567,2013,9,1
567,2014,1,2
567,2014,3,10
567,2014,11,7
567,2015,1,2
567,2015,9,7
567,2015,11,3
570,2012,11,7
570,2013,1,9
570,2013,3,3
570,2013,5,3
570,2014,1,7
570,2014,3,7
570,2014,5,2
570,2014,9,7
570,2014,11,7
570,2015,3,1
570,2015,11,4
573,2012,11,8
573,2013,1,7
573,2013,3,6
573,2013,8,7
573,2013,9,4
573,2014,1,7
573,2014,7,2
573,2014,9,7
573,2014,11,7
573,2015,1,7
573,2015,3,2
573,2015,5,7
573,2015,9,7
574,2012,11,6
574,2013,1,5
574,2013,3,4
574,2013,9,7
574,2014,1,7
574,2014,5,6
574,2014,9,7
574,2014,11,7
574,2015,1,7
574,2015,11,7
576,2012,11,7
576,2013,1,1
576,2013,5,2
576,2013,8,3
576,2013,9,4
576,2014,1,3
576,2014,7,7
576,2014,9,7
576,2014,11,7
576,2015,3,1
576,2015,5,3
576,2015,9,4
576,2015,11,7
577,2012,11,2
577,2013,1,2
577,2013,8,1
577,2014,1,2
577,2014,3,2
577,2014,5,3
577,2015,1,3
577,2015,3,3
578,2015,9,3
581,2012,11,3
582,2012,11,1
582,2013,8,4
582,2013,9,7
582,2014,5,1
582,2014,7,2
582,2014,9,4
582,2014,11,7
582,2015,9,7
582,2015,11,5
585,2012,11,2
585,2013,8,7
585,2013,9,7
585,2014,7,1
585,2014,9,7
585,2014,11,14
585,2015,9,7
585,2015,11,7
586,2012,11,2
586,2013,8,3
586,2013,9,3
586,2014,9,3
586,2014,11,7
586,2015,9,5
587,2013,1,1
587,2013,3,1
587,2013,8,7
587,2014,1,2
587,2015,1,2
587,2015,11,7
589,2012,11,3
589,2013,1,2
589,2013,3,1
589,2013,11,3
589,2014,7,1
589,2015,1,2
589,2015,11,7
590,2012,11,3
590,2013,1,1
590,2013,3,4
590,2013,5,2
590,2013,8,3
590,2013,9,7
590,2013,11,8
590,2014,3,5
590,2014,5,3
590,2014,9,3
590,2014,11,7
590,2015,1,2
590,2015,3,3
590,2015,11,4
592,2012,11,3
592,2013,1,3
592,2013,5,1
592,2013,9,1
594,2012,11,3
594,2013,1,3
594,2013,5,14
594,2013,8,14
594,2013,9,7
594,2013,11,4
594,2014,1,5
594,2014,3,7
594,2014,5,7
594,2014,7,14
594,2014,9,7
594,2014,11,7
594,2015,1,3
594,2015,3,7
594,2015,5,7
594,2015,7,7
594,2015,9,7
595,2012,11,2
595,2013,5,4
595,2013,8,3
595,2013,9,4
595,2013,11,7
595,2014,1,5
595,2014,3,7
595,2014,5,4
595,2014,7,7
595,2014,9,3
595,2014,11,7
595,2015,1,4
595,2015,3,3
595,2015,5,3
595,2015,7,3
595,2015,9,7
597,2013,9,3
597,2014,1,10
597,2014,5,7
597,2014,7,3
597,2014,11,4
597,2015,1,4
597,2015,3,5
597,2015,5,3
597,2015,9,7
597,2015,11,7
598,2012,11,5
598,2013,1,3
598,2013,5,4
598,2013,8,6
598,2013,9,5
598,2013,11,7
598,2014,3,2
598,2014,7,7
598,2014,9,14
598,2015,1,12
598,2015,3,6
598,2015,5,5
598,2015,7,7
598,2015,9,7
599,2012,11,7
599,2013,9,7
599,2013,11,7
599,2014,1,7
599,2014,7,7
599,2014,9,4
599,2015,1,1
599,2015,5,3
599,2015,7,2
599,2015,9,3
601,2013,9,2
601,2014,7,7
601,2014,11,7
601,2015,9,7
602,2012,11,5
602,2013,1,7
602,2013,3,3
602,2013,5,4
602,2013,8,3
602,2013,9,7
602,2013,11,7
602,2014,1,7
602,2014,5,3
602,2014,7,7
602,2014,9,5
602,2014,11,7
602,2015,1,5
602,2015,3,1
602,2015,5,7
602,2015,7,7
602,2015,9,7
604,2012,11,7
604,2013,1,7
604,2014,7,1
604,2015,9,2
605,2012,11,7
605,2013,11,7
605,2014,11,1
606,2012,11,5
606,2013,1,7
606,2013,3,2
606,2015,1,7
606,2015,9,7
609,2012,11,7
609,2015,7,2
609,2015,9,7
609,2015,11,3
610,2012,11,2
610,2013,1,4
610,2013,9,7
610,2014,1,7
610,2014,3,3
610,2014,5,1
610,2014,7,7
610,2014,9,3
610,2014,11,14
610,2015,5,7
610,2015,7,7
610,2015,9,7
610,2015,11,7
611,2012,11,2
611,2013,8,2
611,2013,9,7
611,2014,1,7
611,2014,3,4
611,2014,7,4
611,2014,9,4
611,2014,11,2
611,2015,1,3
611,2015,7,4
611,2015,11,7
612,2012,11,1
612,2013,1,1
612,2013,5,6
612,2013,8,7
612,2013,9,1
612,2013,11,5
612,2014,3,7
612,2014,5,7
612,2015,1,7
612,2015,3,6
612,2015,7,2
613,2013,3,2
613,2013,5,2
613,2013,8,7
613,2013,9,3
613,2014,1,7
613,2014,5,2
613,2014,9,14
613,2014,11,7
613,2015,1,7
613,2015,5,7
613,2015,9,7
616,2012,11,7
616,2013,1,7
616,2013,3,7
616,2013,5,7
616,2013,8,3
616,2013,9,7
616,2013,11,3
616,2014,1,7
616,2014,5,7
616,2014,7,1
616,2015,1,4
616,2015,7,5
619,2013,5,2
619,2013,9,4
619,2013,11,7
619,2014,7,2
619,2014,9,7
619,2015,1,4
619,2015,3,7
619,2015,5,1
619,2015,7,7
619,2015,11,7
620,2013,1,1
620,2013,8,4
620,2013,9,7
620,2013,11,7
620,2014,1,7
620,2014,3,2
620,2014,7,1
620,2014,9,2
620,2015,3,4
620,2015,5,1
620,2015,7,2
620,2015,9,7
621,2012,11,4
621,2013,1,2
621,2013,8,3
621,2013,9,7
621,2013,11,7
621,2015,3,5
621,2015,5,1
621,2015,7,2
621,2015,11,9
624,2012,11,2
624,2013,5,3
624,2013,8,7
624,2013,9,7
624,2013,11,3
624,2014,1,7
624,2014,3,7
624,2014,7,7
624,2014,9,3
624,2014,11,7
624,2015,1,7
624,2015,3,3
624,2015,7,7
625,2012,11,3
625,2013,1,6
625,2013,3,14
625,2013,5,1
625,2013,8,4
625,2013,9,3
625,2013,11,7
625,2014,1,2
625,2014,3,7
625,2014,5,5
625,2014,7,7
625,2014,11,6
625,2015,11,7
629,2012,11,3
629,2013,1,4
629,2013,3,1
629,2013,5,3
629,2014,1,3
629,2014,3,2
629,2014,5,1
629,2014,9,3
629,2015,1,3
629,2015,7,3
630,2012,11,7
630,2013,1,7
630,2013,3,7
630,2013,5,2
630,2013,8,2
630,2013,9,3
630,2014,1,7
630,2014,3,7
630,2014,5,7
630,2014,7,2
630,2014,9,3
630,2014,11,3
630,2015,1,3
630,2015,3,2
630,2015,7,1
631,2012,11,2
631,2013,1,2
631,2013,3,2
631,2013,8,7
631,2013,9,4
631,2014,1,2
631,2014,3,1
631,2014,5,2
631,2014,7,2
631,2014,9,5
631,2014,11,3
631,2015,1,7
631,2015,3,1
632,2013,1,2
632,2013,3,6
632,2013,5,2
632,2013,8,2
632,2014,1,2
632,2014,3,2
632,2014,5,5
632,2014,7,2
632,2014,11,1
632,2015,1,7
632,2015,3,4
632,2015,7,1
633,2012,11,3
633,2013,3,7
633,2013,5,3
633,2013,9,4
633,2014,1,2
633,2014,3,2
633,2014,9,7
633,2014,11,3
633,2015,1,3
633,2015,3,5
633,2015,9,3
633,2015,11,3
634,2013,5,1
634,2013,11,1
634,2014,1,3
634,2014,5,2
634,2014,7,7
634,2014,11,1
634,2015,1,2
636,2012,11,13
636,2013,1,12
636,2013,3,6
636,2013,5,4
636,2013,8,6
636,2013,9,3
636,2013,11,7
636,2014,7,3
636,2014,9,7
636,2014,11,7
636,2015,1,7
636,2015,9,7
636,2015,11,7
637,2012,11,7
637,2013,1,2
637,2013,3,3
637,2013,5,2
637,2013,8,7
637,2013,9,4
637,2013,11,7
637,2014,1,3
637,2014,7,7
637,2014,9,7
637,2014,11,3
637,2015,1,3
637,2015,9,5
638,2012,11,3
638,2013,3,2
638,2013,5,1
638,2013,8,7
638,2013,9,3
638,2014,1,7
638,2014,5,1
638,2014,11,4
638,2015,1,3
638,2015,7,1
638,2015,9,7
638,2015,11,3
