hhid,year,hhsize,depshare,maxeduc,index1,index2,buff,chicken,cow,duck,pig,incwage,incfish,incfarm,incskill,land,flood,floodmonths
1,2012,7,.14285715,7,-.58474231,-1.2138647,0,1,1,1,0,0,0,1,0,2,2,1
1,2015,6,.16666667,7,-.65132838,-.91450566,0,0,1,0,0,0,0,1,0,2,2,1
2,2012,7,.14285715,6,-.58474231,.59326899,0,1,0,0,1,0,0,0,0,.079999998,0,0
2,2015,10,.1,8,.96193039,-1.3189894,0,1,1,0,0,0,0,0,1,1,1,1
3,2012,7,.14285715,6,-1.3540927,2.6174948,0,1,1,1,0,0,0,1,0,2.24,2,.66666669
3,2015,6,0,7,-1.4206787,2.247829,0,0,1,0,1,0,0,1,0,1,1,1.3333334
4,2012,9,.11111111,6,.56823194,-.30115911,0,1,1,0,1,0,0,1,0,4.1799998,4,.66666669
4,2015,7,.14285715,7,.96193039,-.78172272,0,1,1,0,0,1,0,0,0,1.0842,1,1.6666666
5,2012,10,.1,2,-1.3540927,.3669709,0,1,0,1,0,0,0,1,0,1,1,.33333334
6,2012,4,0,3,-1.3540927,-1.1329799,0,1,1,1,0,1,0,0,0,.80000001,.80000001,.66666669
7,2012,13,.07692308,7,-1.3540927,.4282293,0,1,1,0,0,0,0,1,0,3,3,.66666669
7,2015,5,0,8,-1.3540927,-2.1758106,0,1,1,0,0,0,0,1,0,1.506,1.5,1
8,2012,4,.25,4,-.65132838,-2.1683021,0,1,1,1,0,0,0,1,0,1.5,1.5,.66666669
8,2015,4,.25,5,.50164586,-.56758165,0,1,1,0,0,0,0,1,0,1,1,1.3333334
9,2012,10,.1,8,-.58474231,-2.0990038,0,1,1,1,0,1,0,0,0,.15000001,0,0
9,2015,8,.125,7,-.58474231,-2.0037239,0,1,1,0,0,0,1,0,0,.0099999998,0,0
10,2012,7,.14285715,6,.50164586,-1.4987472,0,0,1,0,0,0,0,1,0,2.1500001,2,.66666669
10,2015,4,.25,6,.56823194,-.25160542,1,0,1,1,0,0,0,1,0,3,2,.33333334
11,2012,9,.11111111,4,-.47561437,-1.7074704,0,1,1,0,1,1,0,0,0,.148,0,0
11,2015,9,.11111111,6,.50164586,-2.3364189,0,1,1,1,1,0,0,1,0,.175,0,0
12,2012,6,.16666667,12,.56823194,-.46581605,0,1,1,0,0,0,0,1,0,3.02,3,.66666669
12,2015,6,.16666667,14,.56823194,-1.0345125,0,1,1,0,0,0,0,1,0,4.02,4,1.3333334
13,2012,6,.16666667,4,-1.5620027,-.35628986,0,1,1,0,0,0,0,1,0,1.005,1,.66666669
13,2015,6,.16666667,7,.57830644,-1.3747869,0,0,1,0,0,1,0,0,0,1,1,1
14,2012,3,.33333334,6,-.65132838,-1.3391638,0,0,0,0,0,0,0,1,0,1.62,1.5,.66666669
14,2015,4,.25,6,-.58474231,-2.2335696,0,0,0,0,0,0,0,1,0,1.5,1.5,1
15,2012,7,.14285715,7,-.20111838,.59646487,0,1,1,0,0,0,0,1,0,3,2.5,.66666669
16,2012,9,.11111111,8,-1.3540927,1.1092986,0,1,1,0,0,0,0,1,0,1.58,1.5,.33333334
16,2015,4,.25,6,.96193039,-1.490181,0,0,1,0,0,0,0,1,0,1,1,.33333334
17,2012,5,.2,9,-1.3540927,1.9905776,0,1,0,0,0,0,0,1,0,3.075,3,.66666669
18,2012,6,.16666667,9,-1.3540927,-1.0113829,0,0,1,0,0,1,0,0,0,0,0,0
18,2015,7,.14285715,9,-.19104391,-1.1067028,0,0,1,0,0,1,0,0,0,0,0,0
19,2012,4,.25,0,-.58474231,-.64790416,0,1,0,0,0,1,0,0,0,.0099999998,0,0
19,2015,5,.2,7,-1.3540927,-.53219396,0,0,1,0,0,1,0,0,0,.0031999999,0,0
20,2012,6,.16666667,9,.56823194,3.1480963,0,1,0,0,1,0,0,1,0,4.2199998,3,.66666669
20,2015,6,.16666667,12,1.7312807,.045253437,0,1,1,0,1,0,0,1,0,4,3,1.3333334
21,2012,8,.125,8,-.58474231,1.7082874,0,0,1,0,0,0,0,1,0,3,2.5,.66666669
21,2015,6,.16666667,5,.96193039,.2619341,0,1,1,0,0,0,0,1,0,8.5045004,8,.66666669
22,2012,4,.25,5,-.58474231,.25067133,0,1,1,0,0,0,0,1,0,1.65,1.4,.66666669
22,2015,5,.2,3,-1.3540927,-1.040567,0,0,1,0,0,0,0,1,0,2.1199999,2,1
23,2012,3,.33333334,11,.56823194,1.4085715,0,1,0,0,0,0,0,1,0,1.01,1,1
23,2015,3,.33333334,11,-.19104391,-1.9916447,0,0,0,0,0,1,0,0,0,1,1,.66666669
24,2012,9,.11111111,7,-.58474231,.28307396,0,1,1,0,0,0,0,1,0,3.6500001,3.5,1
24,2015,8,.125,7,-.19104391,-1.6240115,0,1,1,0,0,0,0,1,0,3.5,3.5,.66666669
25,2012,6,.16666667,7,-1.3540927,-.88871723,0,1,1,0,0,0,0,1,0,.5025,.5,.66666669
25,2015,6,.16666667,7,-.19104391,-1.9675753,0,1,1,0,0,1,0,0,0,.5,.5,.33333334
26,2012,2,0,9,-1.3540927,-.83703941,0,0,0,0,0,0,0,1,0,1.5,1.5,1.3333334
26,2015,6,.16666667,9,.96193039,-1.0079719,0,1,0,0,0,1,0,0,0,1.8,1.8,1
27,2012,5,.2,7,.56823194,2.0665126,0,1,0,0,0,0,0,1,0,3.1500001,3,1.3333334
27,2015,5,.2,9,.96193039,-.13028015,0,1,0,0,0,0,0,1,0,3.1070001,3,1
28,2012,9,.11111111,7,-.58474231,-.56528169,0,1,1,0,0,0,0,1,0,4.25,3,1
28,2015,8,.125,7,1.7312807,-1.5884862,0,1,1,0,1,0,0,1,0,12.14,10,1.3333334
29,2012,4,.25,7,.56823194,-.91531157,0,1,0,1,0,0,0,0,1,.22,.16,.33333334
29,2015,5,.2,7,.96193039,-2.3774731,0,0,0,0,0,1,0,0,0,0,0,0
30,2012,4,.25,5,-.58474231,-.65232533,0,1,0,0,0,0,0,1,0,4.2399998,3,.66666669
30,2015,5,.2,5,-.20111838,-.4160302,0,0,0,0,0,0,0,1,0,4.2399998,3,.33333334
31,2012,4,.25,5,-1.3540927,-.66081929,0,1,0,0,0,0,0,1,0,2.0012,1,1
31,2015,4,.25,5,-.19104391,-.56380224,0,1,0,0,1,0,0,1,0,2.1600001,2,.66666669
32,2012,6,.16666667,10,-.58474231,.74526405,0,1,0,1,0,0,0,1,0,3.0899999,2,1
32,2015,6,.16666667,10,-.19104391,-.16948532,0,1,1,0,0,1,0,0,0,4.1000004,4,1
33,2012,4,.25,3,-1.5620027,-2.3105156,0,1,0,1,0,0,0,1,0,.029999999,0,0
33,2015,5,.2,3,-1.3540927,-1.9549718,0,1,0,0,0,1,0,0,0,.026000001,0,0
34,2012,4,.25,4,-1.3540927,1.0657449,0,1,1,1,1,0,0,1,0,.31999999,0,0
34,2015,4,.25,7,-.58474231,-.49439803,0,1,1,0,0,0,0,1,0,.029999999,0,0
35,2012,2,0,3,-1.6285887,-1.6004229,0,0,0,0,0,1,0,0,0,0,0,0
35,2015,5,.2,3,-1.3540927,-2.0627141,0,0,0,0,0,1,0,0,0,0,0,0
36,2012,5,.2,12,-.20111838,.0012946898,0,1,0,1,0,0,0,1,0,2.03,2,.66666669
37,2012,4,.25,3,-.20111838,-1.8048898,0,1,0,1,1,0,0,1,0,.84500003,.40000001,1
37,2015,4,.25,4,-.20111838,-2.7366462,0,0,0,0,0,1,0,0,0,2.5,2.5,1.3333334
38,2012,7,.14285715,5,-1.3540927,-.69382036,0,0,0,0,0,0,0,0,0,0,0,0
38,2015,8,.125,5,-1.3540927,-3.0096605,0,0,0,0,0,1,0,0,0,.23,0,0
39,2012,7,.14285715,5,-.58474231,-.1404285,0,1,0,0,0,0,0,1,0,.16,0,0
39,2015,6,.16666667,5,1.7312807,-2.5028055,0,0,0,0,0,1,0,0,0,0,0,0
40,2012,8,.125,10,-.20111838,3.1171255,0,1,1,1,0,0,0,1,0,7.2399998,7,.66666669
40,2015,9,.11111111,9,-.20111838,.48640147,0,1,1,1,0,0,0,1,0,3.1199999,3,1
41,2012,6,.16666667,10,-1.6285887,-1.0684383,0,1,0,0,0,0,0,1,0,1.705,1.6,.66666669
41,2015,7,.14285715,4,-1.4206787,-2.7366462,0,1,0,0,0,1,0,0,0,1.6,1.6,1.6666666
42,2012,4,.25,2,-1.3540927,-.4071421,0,1,0,1,0,0,0,0,1,.026000001,0,0
42,2015,3,.33333334,4,-1.3540927,-2.6420586,0,1,0,0,0,1,0,0,0,0,0,0
43,2012,7,.14285715,8,-1.3540927,-.82096064,0,1,0,1,0,0,0,1,0,2,2,.66666669
43,2015,8,.125,10,-.20111838,-1.9529085,0,1,0,1,0,0,0,1,0,3,3,1
44,2012,11,.090909094,6,-.58474231,-1.132643,0,1,0,1,0,0,0,1,0,.031500001,0,0
44,2015,9,.11111111,6,.56823194,-2.2689648,0,0,0,0,0,1,0,0,0,0,0,0
45,2012,6,.16666667,7,-1.3540927,1.3632056,0,1,1,1,0,0,0,1,0,2,2,1
45,2015,5,.2,7,1.7312807,.29192066,0,1,1,1,0,0,0,1,0,7.6599998,7.5,1
46,2012,4,.25,7,-2.3313529,-.87217236,0,1,0,0,0,0,0,1,0,1.5,1.5,1
47,2012,11,.090909094,9,-.20111838,3.4121919,0,1,1,1,0,0,0,1,0,6.4000001,3,1.3333334
47,2015,7,.14285715,8,.96193039,.79441649,0,1,1,1,0,1,0,0,0,1.35,1,1.6666666
48,2012,7,.14285715,4,-.20111838,-.58005595,0,1,1,1,0,0,0,1,0,1,1,1
48,2015,7,.14285715,7,-.20111838,-1.901081,0,0,0,0,0,1,0,0,0,1.238,1,1.3333334
49,2012,5,.2,7,-.58474231,.24994099,0,1,0,1,0,0,0,1,0,2.085,2,1
49,2015,5,.2,7,1.7312807,-1.7501622,0,0,1,0,0,0,0,1,0,2,2,1
50,2012,9,.11111111,11,-.20111838,-.44789839,0,1,1,1,0,0,0,1,0,1.7,1.5,.66666669
50,2015,6,0,11,.89534432,-1.976361,0,0,0,0,0,1,0,0,0,2.05,2,.33333334
51,2012,4,.25,6,.96193039,2.0827973,0,1,1,1,1,0,0,1,0,1.6799999,1.5,1.3333334
51,2015,4,.25,6,1.7312807,-1.8542335,0,1,1,0,0,1,0,0,0,3,3,1.6666666
52,2012,4,.25,9,.96193039,.84506375,0,0,0,0,1,0,0,1,0,10.1,10,1
53,2012,9,.11111111,10,-.58474231,-.86714971,0,1,1,1,0,0,0,1,0,0,0,0
53,2015,11,.090909094,12,-.58474231,-2.0351241,0,1,1,0,0,0,0,0,1,0,0,0
54,2012,4,.25,9,.57830644,.92455143,0,1,1,0,0,0,0,1,0,1.5,1,.66666669
54,2015,4,.25,9,.57830644,-2.0351241,0,0,0,0,0,0,0,0,1,1,1,1
55,2012,4,.25,9,1.7312807,-.60008377,0,1,0,0,1,0,0,0,0,0,0,0
55,2015,6,.16666667,6,1.7312807,-1.7739698,0,1,0,1,1,0,0,1,0,.02,0,0
56,2012,5,.2,6,-.58474231,-1.2451949,0,1,1,1,0,0,0,1,0,1,1,.66666669
56,2015,5,.2,8,.57830644,-1.963449,0,1,1,0,0,0,0,0,1,1.002,1,1
57,2012,8,.125,11,1.7312807,.63561291,0,1,1,1,0,0,0,1,0,4.5,4.5,1
58,2012,3,.33333334,7,-1.3540927,.40409681,0,1,1,1,0,0,0,1,0,2.6800001,2.5,1
58,2015,3,.33333334,4,-.25762996,-2.2831898,0,0,0,0,0,0,0,1,0,2.8150001,2.5,1
59,2012,8,.125,7,-.26770446,.39830792,0,1,1,0,0,0,1,0,0,0,0,0
59,2015,5,.2,4,1.6646947,.35570702,0,1,0,0,0,0,0,1,0,.0049999999,0,0
60,2012,6,.16666667,7,1.7312807,-.65491331,0,1,1,0,0,0,0,1,0,2.5875001,2.5,1
60,2015,2,0,6,.96193039,-2.2689648,0,1,1,1,0,0,0,1,0,.64300001,.63999999,.66666669
61,2012,4,.25,6,.57830644,2.1065884,0,1,0,0,1,0,0,1,0,4.1500001,2,1
61,2015,4,.25,7,.57830644,-1.4444077,0,1,1,0,0,0,0,1,0,2.003,2,1
62,2012,6,.16666667,10,-.40902832,1.5439303,0,1,0,1,0,0,0,1,0,3.8399999,2,.66666669
62,2015,5,.2,11,-.20111838,-.3265605,0,1,1,0,0,0,0,0,1,6.3099999,6,1.6666666
63,2012,3,0,12,-.47561437,-1.9665984,0,1,0,0,0,1,0,0,0,0,0,0
63,2015,3,0,12,-.20111838,-2.7246721,0,1,0,0,0,1,0,0,0,0,0,0
64,2012,6,.16666667,7,.96193039,.1660074,0,1,1,1,0,0,0,1,0,1.16,1,.66666669
64,2015,5,.2,10,1.7312807,-2.0539649,0,1,0,1,0,0,0,0,0,1.05,1,.66666669
65,2012,5,.2,4,-.19104391,-1.6033925,0,1,1,0,0,0,0,1,0,.16,0,0
65,2015,6,.16666667,5,-.19104391,-1.9734623,0,0,1,0,0,0,0,0,1,.31999999,.31999999,2
66,2012,3,.33333334,6,.26199701,-1.0794562,0,1,1,0,0,1,0,0,0,.079999998,0,0
66,2015,5,.2,6,-2.3313529,-1.8288966,0,1,1,0,0,0,0,0,1,.31999999,.23999999,1.6666666
67,2012,5,.2,3,-2.3313529,.38797253,0,1,1,0,0,0,0,0,1,0,0,0
67,2015,5,.2,4,-1.3540927,-1.0648208,0,1,1,0,0,1,0,0,0,.079999998,0,0
68,2012,6,.16666667,9,-1.3540927,1.8293698,0,1,1,0,0,0,0,1,0,.88,.80000001,1.3333334
68,2015,6,.16666667,12,.96193039,-1.0881717,0,1,1,0,1,0,0,1,0,.63999999,.47999999,1.6666666
69,2012,3,.33333334,5,-.58474231,-1.2325354,0,1,1,0,0,0,0,0,1,.003,0,0
69,2015,4,.25,5,-1.3540927,-2.0361731,0,0,1,0,0,1,0,0,0,0,0,0
70,2012,5,.2,11,-.20111838,-1.7187065,0,1,1,0,1,0,0,1,0,.17,.16,1.3333334
70,2015,5,.2,8,.96193039,-1.4209325,0,1,1,0,0,0,0,1,0,.22999999,.16,1
71,2012,8,.125,9,-.20111838,3.4887147,0,1,1,0,1,0,0,1,0,1.04,1.04,4.3333335
71,2015,4,.25,7,1.4149714,.50723618,0,1,1,0,0,0,0,1,0,2.1199999,1,1
72,2012,4,.25,9,-1.3540927,-.7004233,0,1,1,0,0,0,0,1,0,.17999999,.16,1
72,2015,6,.16666667,9,-.19104391,-2.2689648,0,1,1,0,0,0,0,1,0,0,0,0
73,2012,2,0,1,-1.3540927,.51117086,0,1,0,0,0,0,0,1,0,1,.5,1
74,2012,10,.1,12,-.20111838,3.0226915,0,1,1,1,1,0,0,1,0,5.1199999,4.96,3.3333333
74,2015,10,.1,10,1.7312807,.93610066,0,1,1,0,0,1,0,0,0,5.0799999,2,1.3333334
75,2012,6,.16666667,8,-1.3540927,2.1240113,0,1,1,0,0,0,0,1,0,1.09,1,1
75,2015,10,.1,8,.96193039,-.088459171,0,1,1,0,0,0,0,1,0,.80559999,.80000001,1.6666666
76,2012,4,.25,4,.96193039,-1.6164992,0,0,0,0,0,1,0,0,0,0,0,0
76,2015,4,.25,5,.89534432,-2.459326,0,0,0,0,0,0,0,0,1,0,0,0
77,2012,4,.25,2,1.7312807,-1.6159719,0,0,0,0,0,0,1,0,0,0,0,0
77,2015,5,.2,5,-.26770446,-2.9960773,0,1,0,0,0,1,0,0,0,0,0,0
78,2012,5,.2,11,-1.3540927,-.61756939,0,1,0,0,0,0,1,0,0,0,0,0
78,2015,5,.2,11,.96193039,-1.9400398,0,1,0,0,0,1,0,0,0,.16,0,0
79,2012,5,.2,5,-1.3540927,-.83691555,0,1,1,1,0,0,0,1,0,.16,.16,1
79,2015,5,.2,7,.51172036,-1.9420899,0,1,1,0,0,1,0,0,0,.16249999,.16,1.6666666
80,2012,6,.16666667,8,1.7312807,-1.4726137,0,1,0,0,0,0,1,0,0,0,0,0
81,2012,5,.2,8,.96193039,4.4144106,0,1,1,1,0,0,0,1,0,4.5,1,1.6666666
81,2015,7,.14285715,8,.96193039,-.48750263,0,1,1,1,0,0,0,1,0,4,4,2.1666667
82,2012,10,.1,8,.96193039,2.9394319,1,1,1,0,0,0,0,1,0,8.0600004,6.5,1.6666666
82,2015,9,.11111111,9,.96193039,-.79796875,1,0,1,0,0,0,0,1,0,7,4,1.3333334
83,2012,8,.125,9,-.19104391,2.5970716,1,1,1,0,0,0,0,1,0,6.5,6,1
83,2015,6,.16666667,7,.96193039,1.0409904,0,1,1,0,0,0,0,1,0,4,4,1.3333334
84,2012,5,.2,7,-1.3540927,3.6260383,0,1,1,1,0,0,0,1,0,2.3199999,2,1
84,2015,5,.2,7,.96193039,1.7422824,0,1,1,0,0,1,0,0,0,4.0100002,4,1
85,2012,4,0,4,.57830644,3.7127261,0,1,1,0,0,0,0,1,0,4.0079999,4,1
85,2015,6,.16666667,3,.96193039,-.48065332,0,0,1,0,0,0,0,1,0,5.0100002,5,2
86,2012,6,.16666667,6,.57830644,1.6510557,0,1,1,0,0,0,0,1,0,2.0999999,2,1
86,2015,8,.125,3,1.7312807,-2.1054027,0,1,1,0,0,0,0,1,0,2,2,2
87,2012,6,.16666667,8,-.19104391,.79813099,0,1,1,0,0,0,0,1,0,7.0900002,4,.66666669
87,2015,5,.2,8,1.7312807,1.2012112,0,1,1,0,0,0,0,1,0,7.0999999,7,1
88,2012,3,.33333334,5,-.58474231,-.80020529,0,1,1,0,0,0,0,1,0,3,3,1
88,2015,5,.2,4,.96193039,-.85024297,0,1,1,0,0,0,0,1,0,5,5,1.3333334
89,2012,6,.16666667,7,.57830644,.25692204,0,1,1,0,0,0,0,1,0,10.52,10,.66666669
89,2015,6,.16666667,7,.57830644,1.8404948,0,0,1,0,0,0,0,1,0,10,8,1.3333334
90,2012,5,.2,6,-.58474231,2.3774531,0,1,1,1,0,0,0,1,0,4.5,3,1.6666666
90,2015,5,.2,6,.57830644,-.17013341,0,0,0,0,0,0,0,1,0,4,2,1.3333334
91,2012,10,.1,10,.57830644,.16479157,1,1,0,1,0,0,0,1,0,1.01,1,1.3333334
91,2015,6,.16666667,6,.96193039,.52418619,1,1,1,0,0,0,0,1,0,2,2,1
92,2012,7,.14285715,6,-.19104391,.29134333,0,0,1,0,0,0,0,1,0,1.005,1,1
92,2015,6,.16666667,6,.96193039,.17613707,0,0,1,0,0,1,0,0,0,2.01,2,1
93,2012,10,.1,5,-.19104391,.34228584,0,1,0,0,0,0,0,1,0,2.602,2,1
93,2015,9,.11111111,6,1.7312807,-.67691278,0,1,0,0,1,1,0,0,0,2.1125,2,1.3333334
94,2012,4,.25,6,-1.3540927,1.1264102,1,1,1,0,0,0,0,1,0,5.0524998,5,.66666669
94,2015,4,.25,6,-1.3540927,-1.8280035,0,1,1,0,0,0,0,1,0,4.0100002,4,1
95,2012,6,.16666667,11,-1.3540927,2.5472515,0,1,1,0,0,0,0,1,0,2.0150001,1,.66666669
95,2015,5,.2,6,-.20111838,-.19388917,0,1,1,0,0,1,0,0,0,2,2,.66666669
96,2012,5,.2,3,-1.3540927,1.9874921,1,1,0,0,0,0,0,1,0,2.2,2,.66666669
96,2015,6,.16666667,2,-.20111838,1.4887474,1,0,1,0,0,0,0,1,0,4,4,1
97,2012,4,.25,5,-.58474231,-1.7376926,0,1,0,0,0,0,0,1,0,2.03,2,1
97,2015,4,.25,5,.57830644,-.38984916,0,1,1,0,0,0,0,1,0,2.0050001,2,1
98,2012,4,.25,7,.96193039,.19375983,0,1,0,0,0,0,0,1,0,1.28,.63999999,1
98,2015,4,.25,10,.89534432,-.036598779,0,0,1,0,0,0,0,1,0,2,2,1.6666666
99,2012,8,.125,7,1.7312807,.45061266,0,1,1,0,0,0,0,1,0,1,1,.66666669
100,2012,4,.25,4,-2.3313529,-2.0183733,0,1,0,0,0,0,0,1,0,1.1,1,.66666669
100,2015,4,.25,5,-.25762996,-2.1614521,0,1,0,0,0,1,0,0,0,0,0,0
101,2012,3,.33333334,6,1.7312807,-1.4525176,0,1,0,0,0,0,0,1,0,1.508,1,.66666669
101,2015,4,.25,6,1.7312807,-1.963449,0,0,0,0,0,1,0,0,0,1.545,1.5,1.6666666
102,2012,4,.25,6,.57830644,.059187297,0,1,0,1,0,0,0,1,0,2.8199999,1,.66666669
102,2015,4,.25,5,-.19104391,-1.7075658,0,1,1,0,0,0,0,1,0,3,2.5,1
103,2012,4,.25,7,-.20111838,2.5455854,0,1,0,0,1,0,0,0,1,.78000003,.5,.66666669
103,2015,4,.25,7,-1.3540927,-2.2331274,0,1,0,1,0,0,0,0,1,.63999999,.31999999,1.6666666
104,2012,6,.16666667,4,-.58474231,-1.1831276,0,0,0,0,0,0,0,0,0,0,0,0
104,2015,7,.14285715,7,.51172036,-1.560302,0,0,1,0,0,0,0,0,0,0,0,0
105,2012,4,.25,7,.57830644,.77795517,0,1,1,0,0,0,0,1,0,1.002,1,.66666669
105,2015,4,.25,8,-.25762996,-1.51511,0,1,1,0,0,0,0,0,1,.5,.5,1
106,2012,4,.25,8,-1.3540927,-.19525263,0,1,0,1,0,0,0,1,0,2.0799999,2,.66666669
106,2015,5,.2,8,-1.3540927,-.56078607,0,0,1,0,0,0,0,1,0,2.0025001,2,.66666669
107,2012,4,.25,8,-.20111838,-.71376026,0,1,1,0,0,0,0,1,0,1.161,1.0700001,1.3333334
107,2015,4,.25,8,-1.3540927,-2.2254853,0,0,0,0,0,1,0,0,0,1.16,1.0700001,2.3333333
108,2012,3,.33333334,9,-2.3313529,-1.8518223,0,1,0,1,0,0,0,1,0,0,0,0
108,2015,3,.33333334,9,-.65132838,-1.857905,0,1,1,0,0,1,0,0,0,0,0,0
109,2012,4,.25,7,-.20111838,-1.3727368,0,1,0,0,0,0,1,0,0,.47999999,.47999999,1
109,2015,5,.2,7,-.26770446,-2.387651,0,0,0,0,0,0,0,0,0,.045000002,0,0
110,2012,10,.1,5,-1.3540927,.58374107,0,1,1,0,0,0,0,1,0,.31999999,0,0
110,2015,8,.125,7,-.20111838,-.79110771,0,1,1,1,0,1,0,0,0,.16,0,0
111,2012,2,0,7,-.20111838,.61726862,0,1,1,1,1,0,0,1,0,2.5,2,1
111,2015,5,.2,9,-.20111838,.44101563,0,1,1,0,0,0,0,1,0,5,2,2.3333333
112,2012,4,.25,8,-.20111838,-.58572012,0,1,0,0,0,0,0,1,0,2.3,1,1
113,2012,9,.11111111,9,-1.4206787,2.1199393,0,0,1,1,0,0,1,0,0,1.02,1,1
113,2015,8,.125,7,-1.3540927,-2.3693576,1,1,0,0,0,0,0,1,0,1.0700001,1,1
114,2012,3,.33333334,8,-1.4206787,-.20353261,0,1,1,0,0,0,0,1,0,.5,.1,1
114,2015,4,.25,7,-2.3313529,-1.4689797,0,1,0,1,0,0,0,1,0,1.5,1.3,1
115,2012,6,.16666667,7,-1.4206787,.081815839,0,1,1,1,0,0,0,1,0,1,0,0
115,2015,6,.16666667,5,-2.3313529,.027608169,1,1,1,1,0,0,0,1,0,1.0899999,1.0799999,2.3333333
116,2012,8,.125,5,-1.4206787,-.83518833,0,1,1,0,0,0,0,1,0,1.5,0,0
116,2015,10,.1,5,-1.4206787,.3984538,1,1,1,1,1,1,0,0,0,1.005,1,1
117,2012,3,.33333334,5,-1.4206787,.51152188,1,1,1,1,0,0,0,1,0,1,0,0
117,2015,3,.33333334,5,-.25762996,-1.2787604,1,1,0,0,1,0,0,0,0,.5,.5,1
118,2012,3,.33333334,8,-1.4206787,-.67925459,0,1,1,0,1,0,0,1,0,1.25,0,0
118,2015,4,.25,8,-1.4206787,-.82543421,0,1,1,0,0,0,0,0,1,1.0025001,1,1
119,2012,4,.25,8,-.26770446,-.80175692,0,1,1,1,1,0,0,1,0,2.6500001,2.5,.33333334
119,2015,4,.25,8,-1.4206787,-1.425804,0,1,0,1,0,0,0,0,0,1,1,1.3333334
120,2012,4,.25,12,-1.4206787,-.43554494,0,1,1,1,0,0,0,1,0,3,3,1
120,2015,5,.2,12,-.20111838,1.1079812,1,1,1,1,0,0,0,1,0,6,5.5,2.3333333
121,2012,2,.5,3,-1.4206787,-2.5366383,0,1,1,0,0,0,0,1,0,.15000001,.1,.66666669
121,2015,2,.5,6,-.26770446,.43380931,1,1,0,1,1,0,1,0,0,4.02,1,1.6666666
122,2012,6,.16666667,8,-1.4206787,.35852349,0,1,1,0,0,0,0,1,0,1,1,1
122,2015,6,.16666667,8,.56823194,.34333327,0,1,1,0,0,0,0,0,1,3.01,1.5,3
123,2012,6,.16666667,9,-1.4206787,1.3589123,0,0,1,0,1,0,0,1,0,1.5,1,1
123,2015,6,.16666667,9,-1.3540927,-2.0582047,0,1,1,1,0,0,0,0,1,.30000001,.30000001,2.3333333
124,2012,6,.16666667,10,-1.4206787,2.1972439,0,1,1,1,0,0,0,1,0,2,1,1
124,2015,5,0,10,-1.4206787,-.90223753,1,1,1,0,0,0,0,1,0,.602,.60000002,1
125,2012,5,.2,5,-1.4206787,3.7463048,0,1,1,0,0,1,0,0,0,3,2,0
125,2015,5,.2,7,-.26770446,-.29108542,0,1,0,0,0,0,0,1,0,1.5,1.5,1
126,2012,5,.2,7,-.26770446,-.78101045,0,1,1,0,1,0,0,1,0,.5,.5,.66666669
126,2015,5,.2,7,-1.3540927,-.39703703,0,1,1,0,0,0,0,0,1,1.51,1,1.6666666
127,2012,6,0,12,-1.4206787,-1.0715575,0,1,1,0,0,0,0,1,0,.5,.5,.66666669
127,2015,4,0,9,-1.4206787,1.0506171,0,1,1,0,1,0,0,1,0,2,2,1
128,2012,8,.125,9,-1.4206787,-1.1280162,0,1,1,0,0,0,0,1,0,.82499999,.80000001,.66666669
128,2015,6,.16666667,9,-1.4206787,-.15955876,0,1,1,0,1,0,0,0,1,.50999999,.5,1.3333334
129,2012,8,.125,5,-1.3540927,-1.3439385,1,1,1,1,1,0,0,1,0,1.05,.5,1
129,2015,8,.125,9,-.19104391,1.1654823,0,1,1,0,0,1,0,0,0,.5,.5,1
130,2012,4,0,11,-2.397939,-2.1065457,1,0,0,0,0,0,0,1,0,2,1,1
130,2015,3,0,6,1.4149714,-.296698,1,1,0,0,0,0,0,0,1,3,1.5,1.6666666
131,2012,6,.16666667,9,-1.4206787,-1.8194312,1,1,1,0,1,0,0,1,0,3.02,1,.66666669
131,2015,8,.125,10,-.19104391,.54581678,1,1,0,0,1,0,0,1,0,6,6,1.3333334
132,2012,6,.16666667,4,-1.4206787,4.5944982,0,1,1,0,1,0,0,1,0,1,1,1
132,2015,6,.16666667,7,-1.3540927,1.6932991,1,1,1,1,0,0,0,1,0,11,3,1
133,2012,6,.16666667,5,-1.3540927,1.055799,0,1,1,1,0,0,0,1,0,3.45,2,1
133,2015,6,.16666667,8,.89534432,.49085104,0,1,1,0,0,1,0,0,0,.505,.5,1.3333334
134,2012,6,.16666667,9,-.20111838,.32067829,1,1,0,1,1,0,0,0,0,2,2,1
134,2015,5,.2,9,-1.3540927,-1.7700771,0,1,1,0,0,0,0,1,0,1.5,1.5,1
135,2012,4,.25,12,-.20111838,2.2750371,1,1,1,1,1,0,0,1,0,1,1,1
135,2015,4,.25,12,-1.3540927,-2.73754,0,1,1,0,0,0,0,1,0,2,2,1
136,2012,5,.2,4,-2.397939,-.42637217,0,1,0,0,0,0,0,1,0,2,2,.66666669
136,2015,6,.16666667,7,-1.3540927,.46078017,1,1,1,1,0,0,0,0,0,2.3,.80000001,1.6666666
137,2012,3,.33333334,12,-1.4206787,-1.5924743,0,1,0,0,0,0,0,1,0,1.5,0,0
138,2012,4,.25,5,-1.4206787,-1.0223733,0,1,1,1,0,0,0,1,0,.25,0,0
138,2015,5,.2,6,-.20111838,-.87451905,0,1,1,1,0,1,0,0,0,6.52,2.5,3.3333333
139,2012,6,.16666667,7,-.65132838,-1.4188989,1,0,1,1,0,0,0,1,0,3,3,.66666669
139,2015,6,.16666667,7,-.20111838,-.46560389,1,1,1,0,0,0,0,0,1,2,2,1.3333334
140,2012,3,0,12,-.26770446,-1.7574204,1,1,0,1,1,0,0,1,0,1.9499999,1,.66666669
140,2015,4,.25,12,.56823194,.84617817,1,1,1,0,0,0,0,1,0,10,10,2.6666667
141,2012,10,.1,8,-1.4206787,-1.475049,1,1,0,0,0,0,0,1,0,2.02,.69999999,.66666669
141,2015,10,.1,11,-.08191596,-.86810392,1,1,1,1,0,0,0,0,0,12,12,1.3333334
142,2012,3,.33333334,6,.50164586,-.23315856,0,1,1,1,0,0,0,1,0,3.5,2,1
142,2015,4,.25,9,1.4149714,1.619314,0,1,1,0,0,0,0,1,0,6.0079999,1,1.6666666
143,2012,8,.125,16,-1.4206787,-2.2770491,1,1,0,0,0,0,0,1,0,.5,0,0
143,2015,5,.2,11,1.4149714,2.8033006,1,1,0,0,0,0,0,1,0,7.0100002,2,1.3333334
144,2012,5,.2,7,-.26770446,.56327397,0,1,1,1,1,0,0,1,0,.40000001,.2,0
144,2015,4,.25,7,-.20111838,-2.2689648,0,1,1,1,0,0,0,0,1,7.0100002,2,2
145,2012,8,.125,10,.89534432,2.6657932,0,1,1,1,1,0,0,0,1,4.4000001,2,.66666669
145,2015,7,.14285715,10,.96193039,-.44322157,0,1,1,0,0,0,0,1,0,2,1,1
146,2012,5,.2,7,-.65132838,.55092931,1,1,1,1,0,0,0,1,0,2,.5,.33333334
146,2015,5,.2,7,-1.3540927,-2.1083322,1,1,0,1,0,0,0,0,0,2.5,1.5,1.6666666
147,2012,4,.25,8,-.65132838,-.6486299,0,1,0,0,0,0,0,1,0,3.1300001,2.5,1.3333334
147,2015,5,.2,8,-.19104391,-.33219039,0,1,0,0,0,0,0,1,0,1.5,1.5,.66666669
148,2012,6,.16666667,7,-2.3313529,-.41384754,1,1,1,1,0,0,0,1,0,4.1999998,2,.66666669
148,2015,5,.2,7,-2.3313529,-1.598895,0,1,0,0,0,1,0,0,0,1.5,1,1.6666666
149,2012,6,.16666667,7,-.25762996,-.83819902,0,1,1,1,0,0,0,1,0,1,.5,1
149,2015,3,.33333334,7,-1.4206787,-1.6852756,0,1,0,1,0,0,0,0,0,.25,.25,1.3333334
150,2012,4,.25,9,-1.4206787,-.27130282,0,0,1,0,0,0,0,1,0,.69999999,.30000001,1
150,2015,4,.25,9,1.7312807,5.2723112,1,1,0,0,0,0,0,0,0,7.5,1.5,1.6666666
151,2012,6,.16666667,8,-1.4206787,.89698571,0,1,1,0,0,0,0,1,0,4,2,1
151,2015,3,0,8,.89534432,.59468877,1,1,0,0,0,0,0,1,0,1.04,1,1
152,2012,6,.16666667,7,-.26770446,.37778801,0,1,1,1,0,0,0,1,0,6.5999999,5,2
152,2015,6,.16666667,10,-.25762996,-1.4845005,1,1,1,1,0,0,0,1,0,3.5,3.5,1
153,2012,5,.2,5,-2.397939,-1.4769622,0,1,1,1,0,0,0,1,0,2.6099999,1,.66666669
153,2015,5,.2,8,-.58474231,-1.694838,1,1,1,0,0,0,0,1,0,2.5,2.5,1.6666666
154,2012,5,.2,5,.51172036,-1.1363238,0,1,1,0,1,0,0,1,0,1.5,1,.66666669
154,2015,5,.2,7,1.6646947,-1.7439318,1,1,0,1,0,1,0,0,0,.30000001,.25,1
155,2012,7,.14285715,5,1.6646947,-1.789042,0,1,1,1,0,0,0,1,0,4.02,1,.66666669
155,2015,8,.125,5,-.25762996,-.14719062,1,0,0,1,0,1,0,0,0,1.4,1.4,1
156,2012,5,.2,4,.89534432,-1.2033454,0,1,1,1,0,0,0,1,0,6,5,1
156,2015,5,.2,7,1.7312807,-1.6407512,0,1,0,0,0,0,0,0,0,0,0,0
157,2012,4,.25,8,-.65132838,-.1937764,0,1,1,0,0,0,0,1,0,3.9000001,1,1
157,2015,5,.2,9,3.3473704,-.57256013,1,1,0,0,0,0,0,1,0,3,1,1.6666666
158,2012,4,.25,7,-.65132838,-1.2124982,0,1,1,0,0,0,0,1,0,7.3000002,7,1
158,2015,4,.25,9,.96193039,.23603368,1,1,0,0,1,0,0,1,0,1,1,1.6666666
159,2012,5,.2,7,.50164586,.20444964,0,1,1,1,0,0,0,1,0,2,2,1
159,2015,5,.2,7,-1.4206787,2.2139573,0,1,1,0,0,0,0,1,0,1.5,1.5,1
160,2012,8,.125,6,.50164586,1.527609,0,1,1,0,0,1,0,0,0,3.5,1.5,1
160,2015,8,.125,7,-.20111838,1.2857747,0,1,1,1,0,0,1,0,0,1.002,1,1
161,2012,3,.33333334,9,-.26770446,-.6462487,0,1,1,0,0,0,0,1,0,1.85,.69999999,1
161,2015,3,.33333334,9,.89534432,-1.7758988,0,1,1,0,0,0,0,1,0,1.87,1.85,1
162,2012,4,.25,5,-.26770446,-1.2872827,0,1,1,0,0,0,0,1,0,1.3,.69999999,1
162,2015,4,.25,6,.96193039,1.3144913,0,1,0,1,0,0,0,1,0,2.8000002,2.4000001,1
163,2012,3,.33333334,7,-.26770446,-.37775657,0,1,1,1,0,0,0,1,0,2,.5,1
163,2015,5,.2,6,.89534432,-.64707911,1,1,0,0,0,0,0,1,0,2,1.5,2
164,2012,3,.33333334,10,-.26770446,-1.1668454,0,1,1,0,0,0,0,1,0,.80000001,0,0
164,2015,3,0,11,2.5780201,3.6335473,0,0,0,0,0,0,0,1,0,2.0250001,2,1.3333334
165,2012,5,.2,9,-.26770446,.12127095,0,1,1,0,1,0,0,1,0,1.71,.23999999,1
165,2015,4,.25,9,3.2807844,1.4153826,0,0,0,0,0,0,0,0,0,1.24,1,1.6666666
166,2012,4,.25,7,-1.4206787,-1.1108879,0,1,1,0,0,0,0,1,0,.62,0,0
166,2015,4,.25,7,-.25762996,1.0179538,0,0,1,0,1,0,0,1,0,6.8000002,4,.66666669
167,2012,5,.2,5,.50164586,1.2089127,0,1,1,0,0,0,0,1,0,2,0,0
167,2015,4,.25,8,2.194396,-1.7250177,0,1,0,0,0,0,0,0,1,1,1,1
168,2012,9,.11111111,12,-2.397939,-.98951566,0,1,1,0,0,0,1,0,0,2,2,1
168,2015,9,.11111111,12,.89534432,-.68281698,0,1,0,0,1,0,0,0,1,.30000001,0,0
169,2012,5,.2,16,-1.4206787,-1.7814002,0,1,1,0,0,0,0,1,0,2.0999999,2,.66666669
169,2015,4,0,16,.96193039,3.1193998,0,1,1,0,1,0,0,1,0,2.0999999,2,1.6666666
170,2012,5,.2,5,-2.397939,-2.7366462,0,1,0,0,0,0,0,1,0,.40000001,.2,.66666669
170,2015,4,.25,7,.51172036,-.040185094,0,1,0,0,0,1,0,0,0,1.3149999,1.3,1.3333334
171,2012,6,.16666667,16,-1.4206787,-2.7366462,0,0,0,0,0,0,0,1,0,1.01,.89999998,.66666669
171,2015,5,0,16,.89534432,2.6027272,0,1,0,0,0,0,0,1,0,2.105,.60000002,1.3333334
172,2012,7,.14285715,16,-2.397939,-1.4539679,0,1,1,0,0,0,0,1,0,3.3,3,1
172,2015,7,.14285715,16,-.19104391,-.77933776,1,1,0,0,0,0,0,1,0,17.1,9,1.3333334
173,2012,3,.33333334,5,-1.4206787,-1.7814002,0,1,1,0,0,0,0,1,0,1.15,1,1
173,2015,8,.125,10,.56823194,1.0048188,0,1,0,1,0,0,0,1,0,4.1500001,3.7,1.6666666
174,2012,4,.25,7,.50164586,-2.6849978,0,1,1,0,0,0,0,1,0,1.5,0,0
175,2012,3,.33333334,8,-.26770446,.37003681,0,1,1,0,0,0,0,1,0,2.5,2.5,1
175,2015,4,.25,8,1.0313474,-1.984491,0,1,1,0,0,0,0,1,0,2.0050001,2,1
176,2012,5,.2,7,-.65132838,.52208912,0,1,1,0,0,0,0,1,0,5.9000001,2,4
176,2015,6,.16666667,7,2.5114341,.35227418,0,1,0,1,0,0,0,1,0,.40000001,.30000001,2.3333333
177,2012,7,.14285715,7,.50164586,-.22584578,0,1,1,0,1,0,0,1,0,2,.30000001,1
177,2015,6,.16666667,4,-.58474231,-2.7366462,0,0,0,0,0,0,0,0,1,0,0,0
178,2012,4,.25,5,-.26770446,.98941106,0,1,1,0,1,0,0,1,0,5.3000002,1,1
178,2015,11,.090909094,12,.50164586,-2.2629435,0,0,1,1,0,1,0,0,0,.5,.5,1.3333334
179,2012,3,.33333334,4,-.26770446,-.43008399,0,1,1,0,1,0,0,1,0,2.2,1,1
179,2015,6,.16666667,8,.89534432,-1.4440261,0,1,0,0,0,1,0,0,0,.50080001,.5,1
180,2012,6,0,9,-1.4206787,.018203525,0,1,1,0,1,0,0,1,0,6,1,1
180,2015,4,0,4,.89534432,.26650757,1,1,0,0,0,0,0,1,0,.5,.5,2
181,2012,8,.125,10,-.65132838,-1.789042,0,1,1,0,1,0,0,1,0,1.51,1,.66666669
181,2015,6,0,10,.89534432,.30477542,0,1,1,0,0,0,0,1,0,1.5,1.5,2
182,2012,6,.16666667,16,-1.6285887,-1.566471,0,0,0,0,1,0,0,1,0,1.2,1,1
182,2015,6,.16666667,16,2.5114341,-1.0721527,0,1,0,0,0,0,0,0,1,.704,.69999999,1
183,2012,4,.25,3,-.26770446,1.1272095,1,1,1,0,0,0,0,1,0,13.95,3,1.3333334
183,2015,8,.125,8,-1.3540927,-1.6781279,0,1,0,0,0,0,0,1,0,5.0050001,5,3.3333333
184,2012,4,.25,9,.50164586,-.30427134,0,1,1,1,1,0,0,1,0,4.0999999,1.5,1
184,2015,4,.25,10,.96193039,.93931586,0,1,1,0,0,0,0,1,0,1.6,1.5,1.3333334
185,2012,3,.33333334,4,-.26770446,.89891112,0,1,1,0,1,0,0,1,0,6.0999999,1,1
185,2015,3,.33333334,5,-.65132838,.23034009,0,1,0,0,0,0,0,1,0,2,2,2
186,2012,6,.16666667,12,-1.4206787,-.033737406,0,1,1,0,1,0,0,1,0,2.3,2,1
186,2015,6,.16666667,12,3.3473704,.32192305,0,1,1,0,0,0,0,1,0,5.5,5,2
187,2012,8,.125,7,-1.4206787,-1.5878774,1,1,1,0,0,0,0,1,0,1,1,1
187,2015,6,0,7,.56823194,-.03697896,0,1,0,0,0,0,0,0,1,3.0050001,3,1.3333334
188,2012,4,.25,10,-.26770446,-.24368288,0,1,1,1,1,0,0,1,0,.58999997,.58999997,1
188,2015,4,.25,9,.96193039,-.64509094,0,1,1,0,0,0,0,1,0,3.5,3.5,2
189,2012,3,.33333334,2,.50164586,.81012553,1,1,0,0,0,0,0,1,0,1.8,.80000001,1
189,2015,4,.25,3,.96193039,-1.2089254,0,0,0,0,0,1,0,0,0,3,3,2
190,2012,4,.25,6,.50164586,-.7193588,1,1,0,0,1,0,0,1,0,4,2,.66666669
190,2015,4,.25,5,1.7312807,-2.0553563,0,1,0,0,0,0,1,0,0,1.003,1,2
191,2012,4,.25,3,-1.3540927,-1.8035309,0,1,1,0,0,0,0,1,0,2.4599998,1.1,.66666669
191,2015,4,.25,5,.96193039,-.5388332,0,1,1,0,0,0,0,1,0,1,1,1.3333334
192,2012,4,.25,0,-1.4206787,-1.7780254,0,1,1,0,1,0,0,1,0,2.5,2,.66666669
192,2015,5,.2,1,-1.4206787,-1.1470789,0,1,0,0,0,1,0,0,0,.0020000001,0,0
193,2012,4,.25,6,-.26770446,-.5807938,0,1,1,0,1,0,0,1,0,1.5,1,1
193,2015,5,.2,6,1.6646947,.61404181,0,1,1,0,1,0,0,1,0,1.01,1,1.6666666
194,2012,3,.33333334,7,-1.4206787,.57583493,0,1,1,0,0,0,0,1,0,.69999999,.69999999,1
194,2015,3,.33333334,7,1.7312807,-.5873276,0,1,1,0,0,0,0,0,1,.30000001,.30000001,1.3333334
195,2012,6,.16666667,10,-1.4206787,.45809552,0,1,1,0,0,0,0,1,0,1,.5,1
195,2015,6,.16666667,9,.89534432,1.2586842,0,1,1,0,0,0,0,1,0,1.8049999,1.8,1
196,2012,4,.25,2,.50164586,-1.1948302,0,1,1,0,1,0,0,1,0,2,2,.5
196,2015,4,.25,5,-1.3540927,-1.4070584,0,1,1,0,0,0,1,0,0,1.0599999,1,1.6666666
197,2012,3,.33333334,5,-.65132838,-.10493799,0,1,1,1,1,0,0,1,0,2.3699999,2.3699999,3
197,2015,4,.25,6,-.26770446,-1.3645189,0,1,0,0,0,1,0,0,0,.50199997,.5,.66666669
198,2012,3,0,12,-1.4206787,-.030241806,0,1,1,0,1,0,0,1,0,1.72,1,1
198,2015,3,0,11,2.194396,1.9530542,0,1,0,1,1,0,0,0,0,.5,.5,1.6666666
199,2012,4,.25,7,-.65132838,-2.4591532,0,0,0,0,0,0,0,1,0,.64999998,.5,1
199,2015,4,.25,7,-1.4206787,-.5206486,0,1,0,0,0,0,0,0,0,1.46,1,1.6666666
200,2012,5,.2,8,-1.4206787,.52735662,0,1,1,0,0,0,0,1,0,.5,.2,1
200,2015,2,0,6,-.25762996,,0,1,0,1,0,0,0,1,0,2,2,.66666669
201,2012,4,.25,8,-2.397939,-1.1751498,0,1,1,0,1,0,0,1,0,1,1,.33333334
201,2015,4,0,8,-.25762996,-1.4771603,0,1,0,0,0,0,0,0,0,.40000001,.40000001,1
202,2012,6,.16666667,5,-1.4206787,-1.7532045,0,1,1,0,0,0,0,1,0,1.2,1,.66666669
202,2015,6,.16666667,5,-2.397939,-1.4450613,0,1,0,0,0,0,1,0,0,.5,.5,1.6666666
203,2012,3,.33333334,3,-1.4206787,-1.5895054,0,0,1,0,1,0,0,1,0,1.2,1,.66666669
203,2015,3,.33333334,3,-1.3540927,.10404088,0,1,1,1,0,0,0,0,1,.5,.5,1.3333334
204,2012,8,0,12,-.26770446,-1.0188475,0,1,1,0,1,0,0,1,0,1.5,1.5,.66666669
204,2015,8,0,12,-1.2449647,-1.6008059,1,0,0,1,0,0,0,0,1,1,1,1.3333334
205,2012,3,.33333334,12,-1.4206787,-.57031012,1,1,0,0,0,0,0,1,0,1,1,1
205,2015,3,.33333334,14,-.26770446,-.72067159,0,1,0,0,0,0,0,0,1,1,1,1
206,2012,6,.16666667,11,-.26770446,-.69134182,1,1,0,0,0,0,0,1,0,1,1,1
206,2015,4,0,11,-.19104391,1.0390472,1,1,0,0,1,0,0,1,0,1,1,1.6666666
207,2012,4,.25,9,.50164586,.69166142,0,1,1,0,1,0,0,1,0,.60000002,.60000002,1
207,2015,4,.25,9,.89534432,-1.0614413,0,1,1,0,0,0,0,0,1,1,.5,1
208,2012,6,0,9,-1.4206787,2.0814793,0,1,1,0,1,0,1,0,0,3.5,3.5,4
208,2015,6,0,9,.96193039,1.8694975,1,1,1,1,1,0,0,1,0,1.5,1,1.6666666
209,2012,7,.14285715,8,-.26770446,-2.4669681,0,1,0,0,0,0,0,1,0,1.5,1,1.3333334
209,2015,6,.16666667,8,.96193039,1.0849932,1,1,0,1,0,0,0,1,0,1,1,2
210,2012,4,.25,6,-1.2449647,5.7415867,0,1,0,0,1,0,0,1,0,7.3000002,6,1
210,2015,5,.2,6,-.20111838,-.14820695,1,1,1,0,0,0,0,0,0,1.1,1,1.6666666
211,2012,9,.11111111,5,-1.4206787,-.60881656,0,1,1,1,0,0,0,1,0,.30000001,.30000001,1
211,2015,9,.11111111,5,1.7312807,1.5582863,1,1,0,1,0,0,1,0,0,1.03,1,1.6666666
212,2012,5,.2,4,-.26770446,2.4122231,0,1,1,0,0,0,0,1,0,2.3,0,0
212,2015,5,.2,5,-.20111838,-1.5065465,1,1,0,0,1,0,1,0,0,2.3,2,1.3333334
213,2012,6,.16666667,5,-.26770446,-.061452296,0,0,1,0,0,0,1,0,0,5.5,1,1
213,2015,6,.16666667,6,2.5780201,1.9047276,0,1,0,0,0,0,1,0,0,5,5,1.6666666
214,2012,9,.11111111,11,-1.4206787,-1.2564838,0,0,0,0,0,0,0,1,0,.5,.5,.66666669
214,2015,5,.2,3,-.20111838,.067982867,1,1,1,0,0,0,0,1,0,1.9000001,1.7,1.3333334
215,2012,6,.16666667,9,-.26770446,-.14036497,0,1,0,0,0,0,0,1,0,6.5,2.5,1.3333334
215,2015,7,.14285715,9,.56823194,-.77026355,0,1,0,0,1,0,0,1,0,3,3,1.6666666
216,2012,3,.33333334,8,.89534432,-1.5905546,0,1,1,1,0,0,0,1,0,5.25,5,1
216,2015,4,.25,8,-1.3540927,-1.2866136,0,0,0,0,0,0,1,0,0,.5,.5,1.6666666
217,2012,5,.2,10,1.3483852,-1.5054647,0,1,1,1,1,0,0,1,0,3,2.5,.66666669
217,2015,5,.2,6,-.26770446,1.7936208,1,1,1,0,1,0,0,1,0,2.0150001,2,1.6666666
218,2012,9,.11111111,2,.89534432,-2.4669681,0,0,0,0,0,0,0,0,1,.30000001,.30000001,1
219,2012,6,.16666667,1,.89534432,-.46946281,0,1,0,0,0,0,0,1,0,1.5,1.5,1
219,2015,6,.16666667,2,-1.4206787,-1.5123675,0,1,0,0,0,0,0,1,0,.15000001,.15000001,2
220,2012,5,.2,6,-.26770446,-.29863515,1,1,1,1,0,0,0,1,0,1.5,.69999999,.66666669
220,2015,4,0,2,-1.4206787,.39839476,1,0,0,0,1,1,0,0,0,2,1,2
221,2012,5,.2,8,-.26770446,-2.4516842,0,1,1,0,1,0,0,1,0,2,2,.66666669
221,2015,5,.2,8,-1.4206787,-2.476126,0,1,1,0,0,0,1,0,0,1.52,1.5,2.3333333
222,2012,4,.25,6,-.26770446,1.2665505,1,1,0,1,0,0,0,1,0,7,7,1
222,2015,4,.25,6,-.20111838,-.95386368,0,1,0,0,0,0,0,1,0,2,2,1.3333334
223,2012,6,.16666667,11,-.26770446,-1.1809174,1,1,0,0,1,0,0,1,0,2,0,0
223,2015,6,.16666667,10,-.65132838,1.3576872,1,1,1,0,0,0,0,1,0,4.5,4,1.6666666
224,2012,10,.1,5,-.26770446,-1.9094671,0,1,0,1,0,0,0,1,0,4.3000002,4.3000002,1.3333334
224,2015,8,.125,5,-1.4206787,-2.7108219,0,1,0,0,0,0,1,0,0,.50999999,.5,1
225,2012,5,.2,4,-1.4206787,.019854954,0,1,1,0,0,0,0,1,0,3,3,1
225,2015,5,.2,6,-1.4206787,-1.2879639,0,0,1,0,0,1,0,0,0,1,1,1.3333334
226,2012,5,.2,8,-.58474231,.022376407,1,0,1,1,0,0,0,1,0,1.1,0,0
226,2015,5,.2,10,-.26770446,-.58083105,0,1,1,1,0,0,0,0,1,1.4,1,1.6666666
227,2012,7,.14285715,9,-.26770446,1.7165271,0,1,1,1,0,0,0,1,0,1.5,1.5,1
227,2015,11,.090909094,7,.57830644,1.3178681,1,1,0,1,0,0,0,1,0,2,2,1.3333334
228,2012,5,.2,6,-1.4206787,-.4673326,0,0,1,0,0,0,0,1,0,1,.5,1
228,2015,4,.25,8,.89534432,-1.6381742,0,1,0,0,0,0,0,0,0,0,0,0
229,2012,7,0,16,-.26770446,1.6090823,0,1,1,1,1,0,0,1,0,1,0,0
229,2015,5,0,12,1.7312807,.0062128068,0,1,1,0,0,0,0,0,0,1.15,1,1.3333334
230,2012,7,.14285715,10,-1.1783787,-1.6392456,1,1,1,1,0,0,0,1,0,2.7,0,0
230,2015,4,.25,10,.56823194,1.6992962,0,1,1,1,0,0,1,0,0,4.0300002,4,2.3333333
231,2012,5,.2,4,-1.4206787,-2.003355,0,1,1,0,0,0,0,1,0,.60000002,0,0
231,2015,5,.2,7,-1.3540927,-1.5531055,0,1,1,0,0,1,0,0,0,.5,.5,2
232,2012,5,.2,5,-1.3540927,-.028264137,0,1,1,1,0,0,0,1,0,.5,0,0
232,2015,6,.16666667,6,.96193039,-2.6131823,0,1,0,1,0,0,1,0,0,.5,.5,1.6666666
233,2012,9,.11111111,7,-.26770446,-1.7210555,0,1,1,0,0,0,0,1,0,1.5,1.5,.66666669
233,2015,8,.125,9,1.7312807,-1.6922019,0,1,0,0,0,0,1,0,0,2.003,2,1.6666666
234,2012,6,.16666667,8,-1.2449647,-1.0849061,0,1,1,0,0,0,0,1,0,1.1,1,.33333334
234,2015,6,0,9,-.20111838,-2.4693394,0,1,1,0,1,0,1,0,0,.60000002,.30000001,1.3333334
235,2012,2,0,3,-.26770446,-1.4239278,0,1,0,0,0,0,0,1,0,1.5,1.5,.33333334
235,2015,4,.25,1,-1.4206787,-1.1949562,0,1,1,1,0,0,0,1,0,3.5039999,3,.33333334
236,2012,8,.125,9,2.1177356,-.46509495,1,1,1,0,0,0,0,1,0,4,3,.33333334
236,2015,6,.16666667,9,-.26770446,-.62249225,0,1,1,0,0,0,0,0,0,2,2,1
237,2012,8,.125,9,-1.4206787,-.79506814,0,1,1,0,0,0,0,1,0,1.8,1.5,1
237,2015,7,.14285715,9,.89534432,1.2286569,1,1,1,1,0,0,0,1,0,2.5599999,2.5,2
238,2012,4,.25,8,-1.4206787,-1.7291075,0,1,1,0,0,0,0,1,0,.5,.5,1
238,2015,4,.25,8,-.20111838,.57556593,0,1,1,0,0,0,1,0,0,2.2,2,1.6666666
239,2012,3,.33333334,4,-1.4206787,-1.3415105,0,1,1,0,0,0,0,1,0,3.5,.5,1
239,2015,3,.33333334,6,.56823194,-2.7094972,0,1,0,0,0,0,0,1,0,.5,.5,1.3333334
240,2012,7,.14285715,7,-1.4206787,-.77614826,0,1,1,0,0,0,0,1,0,1.62,1,1
240,2015,5,0,4,.89534432,-1.9182523,0,1,0,0,0,0,0,1,0,1.5,1.5,1.6666666
241,2012,4,.25,4,-1.4206787,-1.7292154,0,1,1,0,0,0,0,1,0,3.2,2.98,1
241,2015,4,.25,4,-1.3540927,.27033016,0,1,0,0,1,0,0,1,0,3.05,2.5,1
242,2012,6,.16666667,5,-1.4206787,-.49824077,0,1,1,0,1,0,0,1,0,4,1.2,2
242,2015,6,.16666667,5,-.26770446,-1.1572037,1,0,0,0,0,0,0,1,0,2,2,1
243,2012,4,.25,8,-.26770446,-.78925306,0,1,0,0,0,0,0,1,0,.40000001,.18000001,1
243,2015,4,.25,8,1.7312807,-.49048746,0,1,0,0,1,0,0,1,0,2.312,1.3,1.6666666
244,2012,3,.33333334,12,-.26770446,-.3162128,0,1,1,0,1,0,0,1,0,1.4200001,0,0
244,2015,3,0,7,1.7312807,.54758185,1,1,0,1,0,0,0,1,0,2.3,2,1.6666666
245,2012,5,.2,8,-1.4206787,-.88949245,0,1,1,0,0,0,0,1,0,1.04,.40000001,1
245,2015,4,.25,9,1.6646947,2.8024895,0,1,0,1,1,0,0,1,0,7.75,4,1.6666666
246,2012,5,.2,8,-.26770446,-1.035787,0,1,1,0,0,0,0,1,0,.5,.30000001,.33333334
246,2015,5,.2,8,.96193039,-.5703277,0,1,1,0,0,0,0,1,0,2.5,2.5,1.6666666
247,2012,5,.2,4,-1.4206787,-.98261309,0,1,1,0,1,0,0,1,0,.5,.5,.33333334
247,2015,5,.2,6,1.7312807,-1.3023463,1,1,0,0,0,0,0,1,0,1,1,1.6666666
248,2012,4,.25,6,-1.4206787,-1.1109663,0,1,1,0,0,0,0,1,0,1.7,1.7,1
248,2015,5,.2,6,.96193039,.85534251,1,1,0,0,0,0,0,1,0,1.8,1.8,1.3333334
249,2012,9,.11111111,8,-1.4206787,-1.7347778,1,1,0,0,0,0,0,1,0,.89999998,.89999998,.66666669
249,2015,8,.125,10,1.6646947,.69793087,0,1,0,0,1,0,0,1,0,.85000002,.80000001,.33333334
250,2012,8,.125,12,-1.4206787,-1.7780254,0,0,1,1,0,0,0,1,0,1,1,.66666669
250,2015,7,.14285715,12,1.7312807,-1.2672386,0,1,1,0,1,0,0,1,0,1.9,1.5,1
251,2012,4,.25,7,-1.4206787,-1.7608464,0,1,1,0,0,0,0,1,0,.55000001,.30000001,1
251,2015,4,.25,10,.96193039,-.33588684,1,1,0,0,0,0,0,1,0,1.8,1.8,1
252,2012,6,.16666667,14,-2.397939,-2.4669681,0,1,1,0,0,0,0,1,0,.5,.5,.66666669
252,2015,4,0,10,-.25762996,1.5788577,1,1,0,0,0,0,0,1,0,1,1,1
253,2012,7,.14285715,5,-1.4206787,.21272339,0,1,1,0,0,0,0,1,0,3,0,0
253,2015,8,.125,7,-.19104391,.59247172,1,1,0,0,0,0,0,1,0,2.2,2.2,2.3333333
254,2012,6,.16666667,5,-1.4206787,.026034849,0,1,1,0,0,0,0,0,0,1.5,.5,1
254,2015,6,.16666667,5,-.26770446,-.24557166,1,1,0,0,0,1,0,0,0,.60000002,.60000002,.33333334
255,2012,5,.2,10,-1.4206787,.70473051,0,1,1,0,1,0,0,1,0,3,0,0
255,2015,3,.33333334,3,-.20111838,.20365804,0,1,1,1,0,0,0,1,0,1,1,1.3333334
256,2012,8,.125,9,-1.4206787,-.15871941,0,1,1,0,0,0,0,1,0,23.16,0,0
256,2015,9,0,9,.96193039,4.9422622,0,1,0,0,1,0,0,1,0,3.01,2,.66666669
257,2012,3,.33333334,9,-1.4206787,-.17886792,0,1,1,0,0,0,0,1,0,2,1,.66666669
257,2015,4,.25,9,-.20111838,.032646038,0,0,0,0,0,0,0,0,0,7,7,.66666669
258,2012,4,.25,6,-1.4206787,.46995908,1,1,1,0,0,0,0,1,0,3.3,2,.66666669
258,2015,4,.25,6,-1.4206787,-.4960061,0,0,1,0,0,1,0,0,0,.5,.5,1
259,2012,7,.14285715,4,-1.4206787,-.54745668,1,1,0,0,0,0,0,1,0,1.3,1,.66666669
259,2015,8,.125,7,-.26770446,-.98860717,1,1,0,0,0,0,0,0,0,.31,.31,1
260,2012,4,.25,6,-.26770446,-.052236848,0,1,1,0,0,0,0,1,0,3.0999999,2,.66666669
260,2015,5,.2,5,.89534432,-.73511666,0,1,0,0,0,0,0,1,0,.5,.5,0
261,2012,4,.25,6,-2.397939,-2.7366462,1,1,0,0,0,0,0,1,0,1.6999999,.60000002,.66666669
261,2015,4,.25,6,-.20111838,-.49783826,0,0,1,0,0,0,0,1,0,2,1,1.6666666
262,2012,6,.16666667,7,-1.4206787,-1.7115028,0,1,1,0,1,0,0,1,0,2.7,2,1
262,2015,6,.16666667,9,.57830644,-.67255312,1,1,1,0,0,0,0,1,0,1.5,1.5,1.6666666
263,2012,6,.16666667,6,-1.4206787,-1.789042,1,1,1,1,1,0,0,1,0,1.5,1,1
263,2015,6,.16666667,6,-1.3540927,.19139399,1,1,0,1,0,0,0,1,0,1.16,1,1.6666666
264,2012,9,.11111111,14,-.26770446,-1.4425863,0,1,1,1,1,0,0,1,0,1.7,1.5,.66666669
264,2015,7,.14285715,6,.56823194,.30966642,0,1,1,0,0,0,0,1,0,1.6,.5,1
265,2012,5,.2,8,-1.6285887,-1.1879858,0,1,0,1,1,0,0,1,0,.69,0,0
265,2015,5,0,8,1.6646947,-.59078538,1,1,0,0,0,1,0,0,0,1.8,1.5,2
266,2012,5,.2,7,-.65132838,-.72192484,0,1,1,0,1,0,0,1,0,.69999999,0,0
266,2015,5,.2,7,-2.397939,-1.4832927,0,1,0,0,0,0,0,0,1,.94499999,.89999998,1.6666666
267,2012,8,.125,7,-1.2449647,1.7752253,1,1,0,0,1,0,0,1,0,2,1,.66666669
267,2015,4,.25,3,1.7312807,1.5102441,1,1,0,0,0,0,0,1,0,3.0999999,3,1.3333334
268,2012,10,.1,7,-.47561437,-1.1447519,0,1,0,0,1,0,0,1,0,1,0,0
268,2015,12,.083333336,7,-1.4206787,-1.2855418,0,1,1,0,0,1,0,0,0,1,1,1.6666666
269,2012,4,.25,4,-1.4206787,-.39568493,0,0,1,0,1,0,0,1,0,2,0,0
269,2015,5,.2,4,-.20111838,-1.0956042,1,1,0,0,0,1,0,0,0,2,2,1
270,2012,7,.14285715,16,-1.6285887,-.3460893,1,1,1,0,0,0,0,1,0,1,.30000001,1
270,2015,7,.14285715,16,.89534432,.38154823,0,1,0,1,0,0,0,1,0,2.8,.60000002,2.3333333
271,2012,6,.16666667,5,-1.6285887,-1.1416508,0,0,1,1,0,0,0,1,0,1,0,0
271,2015,6,.16666667,5,.56823194,-.083858401,1,1,0,0,0,1,0,0,0,1,.5,1.6666666
272,2012,7,.14285715,5,-.26770446,.54503959,1,1,0,0,0,0,0,1,0,5,2,1
272,2015,7,.14285715,5,.56823194,-2.2541234,0,1,0,0,0,0,0,1,0,1.1,1,1.3333334
273,2012,7,.14285715,12,-.26770446,3.2419078,1,1,1,0,1,0,1,0,0,2,2,.66666669
273,2015,4,.25,3,-.20111838,-.4885729,1,1,1,1,1,0,0,1,0,6.5599999,3,1.3333334
274,2012,9,.11111111,2,-.65132838,-1.6527969,0,1,0,0,0,0,0,1,0,.54000002,0,0
275,2012,8,.125,1,-.65132838,-1.979826,0,1,0,0,0,0,1,0,0,.30000001,.30000001,.66666669
275,2015,7,.14285715,4,1.1404753,-1.5094688,0,0,0,1,0,1,0,0,0,2,1,.66666669
276,2012,7,.14285715,2,-.65132838,.97690529,0,1,1,0,1,0,0,1,0,4,3,.66666669
276,2015,10,.1,12,-.20111838,.94131297,0,1,0,1,1,0,0,0,0,5.5,5.5,4
277,2012,5,.2,0,-1.4206787,-.74821138,1,0,0,0,0,0,0,1,0,2,1.5,7
277,2015,5,.2,4,-1.4206787,-1.5492867,0,1,0,0,0,0,0,0,1,1.6,1.5,2
278,2012,5,.2,0,.50164586,-.027327849,1,1,1,0,0,0,0,1,0,1,1,1
278,2015,9,.11111111,8,.26199701,-1.9063841,0,1,1,0,0,1,0,0,0,2.7,1,1.6666666
279,2012,6,.16666667,2,-.65132838,-.22500253,0,1,1,1,0,0,0,1,0,10.3,4.3000002,1.3333334
279,2015,6,.16666667,5,-1.6285887,-2.3566642,0,1,0,0,0,1,0,0,0,.40000001,.40000001,1.3333334
280,2012,8,0,2,-1.4206787,-1.1240733,1,1,0,0,0,0,1,0,0,.69999999,.2,1
280,2015,5,0,9,-1.4206787,-.46794125,1,1,0,0,0,0,0,0,1,2,2,1.6666666
281,2012,5,0,2,-2.397939,-1.0708184,1,1,0,0,0,0,0,1,0,.69999999,.30000001,1
281,2015,4,.25,6,1.1404753,-1.1608045,0,1,0,0,0,1,0,0,0,1.001,1,1
282,2012,5,.2,2,-1.4206787,-.42762882,0,1,1,0,1,0,0,1,0,1,1,1
282,2015,5,.2,9,2.1177356,-1.1663314,0,1,1,0,0,0,0,1,0,12,10,1.6666666
283,2012,7,.14285715,2,.50164586,-2.2689648,0,1,1,1,0,0,0,0,0,1.6,1.5,1
283,2015,7,.14285715,7,1.3483852,1.5745015,0,1,1,0,1,0,0,1,0,9.5,3,1
284,2012,4,.25,8,-.65132838,1.9026552,0,1,1,0,1,0,0,0,0,3.1099999,2,1
284,2015,3,.33333334,8,3.2807844,.80215478,0,1,0,0,0,0,0,1,0,13.01,3,1.6666666
285,2012,5,0,9,-.65132838,-2.7108219,0,1,1,0,0,0,0,0,0,2,2,1
285,2015,8,.125,12,1.4149714,-1.7316635,0,1,0,0,0,0,0,1,0,6,5,1.3333334
286,2012,5,.2,7,-1.4206787,-.43918547,0,1,1,0,0,0,1,0,0,1.38,.30000001,1
286,2015,4,0,7,-.26770446,-1.559801,0,1,1,0,1,0,0,1,0,7.0100002,5,.16666667
287,2012,8,.125,2,-.65132838,.72371602,0,1,1,0,1,0,0,1,0,3,2,4.3333335
287,2015,8,.125,6,.50164586,-.76504463,0,1,1,0,1,1,0,0,0,4,1,1
288,2012,4,.25,2,-.26770446,-.80270392,0,1,1,0,0,0,0,1,0,4,1,.66666669
288,2015,7,.14285715,8,1.3483852,-.25881204,0,1,0,0,1,0,0,0,0,5,5,1.3333334
289,2012,6,.16666667,2,.56823194,-.10022172,0,1,0,1,0,0,0,1,0,1.0140001,1,1.6666666
289,2015,6,.16666667,8,2.1177356,1.9675027,0,1,1,1,1,0,0,1,0,2.0050001,2,1.3333334
290,2012,5,0,4,-.58474231,1.6554027,0,1,0,0,0,0,0,1,0,2,1.5,1
290,2015,4,.25,7,1.7312807,-.30230996,0,1,1,0,1,0,0,1,0,3.0009999,3,1.6666666
291,2012,7,.14285715,2,.56823194,.54382229,0,1,0,0,0,0,0,1,0,1.09,1,1.6666666
291,2015,7,.14285715,12,.50164586,1.031329,0,1,1,0,1,0,0,0,0,3,3,1.3333334
292,2012,6,.16666667,6,-.58474231,.45630941,0,1,0,0,0,0,0,1,0,2.0569999,2,1.6666666
292,2015,6,.16666667,9,-1.4206787,-1.0521839,0,1,1,0,0,0,0,1,0,8,0,.66666669
293,2012,6,.16666667,6,.56823194,-1.1889489,0,1,0,1,0,0,0,1,0,.56,.5,1.6666666
293,2015,6,.16666667,9,-.26770446,-.13736168,0,1,1,0,0,0,0,1,0,2,1,1.3333334
294,2012,7,.14285715,14,-1.3540927,1.8490829,0,1,1,1,0,0,0,1,0,3.0899999,3,1
294,2015,5,.2,7,.56823194,-.83831036,0,1,1,0,0,0,0,1,0,7,1,2
295,2012,6,.16666667,14,-1.3540927,-1.8642919,0,1,0,0,1,0,0,1,0,2,2,1
295,2015,5,0,10,-.65132838,.89941704,0,1,1,0,1,0,0,1,0,8,2,1
296,2012,7,.14285715,6,-.58474231,-1.2764015,0,1,0,0,1,0,0,0,1,.081,0,0
296,2015,7,.14285715,9,-.26770446,-.49394348,0,1,0,0,0,0,0,1,0,1,1,1
297,2012,4,.25,2,-1.2449647,1.7459302,1,1,0,1,0,0,0,1,0,3.1500001,3,1
297,2015,5,0,14,-.26770446,.37247565,0,1,1,1,0,0,0,1,0,5,2.5,.66666669
298,2012,6,.16666667,9,-1.3540927,-.18760817,0,1,1,1,0,0,0,1,0,1.25,.89999998,1
298,2015,4,.25,9,-.26770446,-.90850168,0,1,1,0,0,1,0,0,0,4,1,1
299,2012,4,.25,14,-1.3540927,1.8661517,1,1,1,0,0,0,0,1,0,5.0120001,5,1.3333334
300,2012,4,.25,5,-1.3540927,.060948607,1,1,0,1,0,0,0,1,0,6.0840001,4,1.6666666
300,2015,5,.2,6,-.26770446,.70535582,0,1,1,1,1,0,0,1,0,1.8199999,1.5,1.3333334
301,2012,7,.14285715,2,-.58474231,3.4101298,1,1,1,1,0,0,0,1,0,5.0599999,5,1
301,2015,7,.14285715,12,.50164586,.18265188,0,1,1,0,1,1,0,0,0,4,4,.66666669
302,2012,6,.16666667,2,.50164586,.021778572,0,1,0,1,0,0,0,1,0,1.05,1,1
303,2012,8,.125,2,-.58474231,-1.4104239,0,1,1,1,1,0,0,1,0,1.04,1,1.6666666
303,2015,4,.25,3,-.65132838,-.65061533,0,0,1,1,0,0,0,1,0,5,3,.66666669
304,2012,4,.25,2,2.1843216,4.3069224,0,1,0,0,0,0,0,1,0,5.9500003,5.8000002,1
304,2015,4,.25,9,1.4149714,.97084123,0,1,1,0,0,0,1,0,0,3.5,3,1
305,2012,7,.14285715,2,-1.3540927,-.51491898,1,1,0,1,1,0,0,1,0,2.5699999,2,1
305,2015,6,.16666667,6,.50164586,1.7154751,0,1,1,0,0,0,0,1,0,1.03,1,1.3333334
306,2012,8,.125,2,-2.3313529,-.35255992,0,1,0,0,0,1,0,0,0,3.0250001,1.5,1
306,2015,8,.125,10,-.20111838,.44227135,0,1,1,1,0,0,0,1,0,1,1,.66666669
307,2012,6,.16666667,2,-2.3313529,-.56938136,1,1,0,1,1,1,0,0,0,3.7,.69999999,1.3333334
307,2015,7,.14285715,7,.50164586,-.90469199,0,1,0,0,0,0,0,1,0,1,1,.66666669
308,2012,6,.16666667,2,-2.3313529,-1.4646444,1,1,1,1,1,1,0,0,0,1,.5,1.3333334
308,2015,6,.16666667,10,.50164586,-.46755975,0,1,0,0,0,0,0,1,0,.72999996,.69999999,1.3333334
309,2012,4,0,9,-1.4206787,-1.9226432,1,0,0,0,0,1,0,0,0,.5,.5,.73333335
309,2015,7,0,12,1.6646947,2.1053674,0,1,1,0,0,0,0,1,0,3,.5,1.3333334
310,2012,8,.125,2,-2.3313529,.36587864,1,1,0,1,0,0,1,0,0,1.025,1,1
310,2015,5,.2,7,.50164586,.88792604,0,1,1,1,0,0,0,1,0,2.05,2,1
311,2012,6,0,14,-1.4206787,-1.3695577,1,1,1,0,0,1,0,0,0,1,.5,1
311,2015,5,.2,12,.50164586,.89682209,0,1,0,1,1,0,0,1,0,1,1,.66666669
312,2012,6,.16666667,14,-1.3540927,-.0092247929,1,1,1,1,1,0,0,1,0,3.6600001,2.5,1.3333334
312,2015,5,.2,12,.68743438,.6094439,0,1,0,0,0,0,0,1,0,2.5,2,.66666669
313,2012,5,.2,9,-1.4206787,-.73255277,1,1,0,0,1,1,0,0,0,4.5194998,1,1
313,2015,5,.2,12,.43771103,-.073383346,0,1,1,1,1,0,0,1,0,.62,.5,.66666669
314,2012,7,.14285715,8,-2.3313529,-.32498589,0,0,1,0,0,1,0,0,0,1.51,.5,1
314,2015,7,.14285715,11,-.20111838,.309845,0,1,1,0,0,0,0,1,0,1.1,1,1
315,2012,10,.1,8,-2.3313529,-2.2689648,0,0,0,0,0,1,0,0,0,.5,.5,1
316,2012,7,.14285715,2,-1.3540927,-.32380968,1,1,0,0,1,0,0,1,0,.94,.89999998,1.3333334
316,2015,7,.14285715,12,.50164586,.36087304,0,1,1,1,0,0,0,1,0,2.02,2,1
317,2012,9,.11111111,2,-2.3313529,-1.5328729,0,1,0,0,0,1,0,0,0,.45000002,.40000001,1.3333334
318,2012,4,.25,2,-2.3313529,.36609599,0,1,0,0,0,1,0,0,0,.71999997,.45999998,1.0833334
318,2015,4,0,12,-.26770446,1.3785256,0,1,1,1,1,0,0,1,0,2.02,2,1
319,2012,6,.16666667,2,-1.3540927,-.56541717,1,1,1,1,1,0,0,1,0,3,3,1.3333334
319,2015,5,.2,8,,-.45001724,0,1,1,1,0,0,0,1,0,2.52,2.5,1.3333334
320,2012,5,.2,2,-2.3313529,-.34697631,0,1,1,0,1,1,0,0,0,.0049999999,0,0
320,2015,7,.14285715,11,.96193039,-1.2081616,0,1,1,0,0,0,0,0,1,2.075,1,1.6666666
321,2012,9,.11111111,2,.96193039,.035318151,0,1,1,0,0,0,0,1,0,.93000001,.80000001,1
321,2015,10,.1,9,3.3473704,.74482071,0,1,0,0,1,1,0,0,0,10,10,1
322,2012,9,.11111111,9,-1.3540927,-1.9244279,0,1,0,0,0,0,0,1,0,.25,.25,1
322,2015,8,.125,12,2.5780201,1.3025587,0,1,1,1,1,0,0,0,1,4,4,.66666669
323,2012,8,.125,2,-1.3540927,.49620712,1,1,1,0,0,0,0,1,0,2,2,1
323,2015,6,.16666667,8,3.2807844,-.067573056,0,1,1,1,0,0,0,1,0,5.0100002,5,1
324,2012,6,.16666667,2,-1.3540927,-1.4108866,0,1,1,0,1,0,0,0,1,1.207,1.2,1
324,2015,6,.16666667,7,1.7312807,-.14347301,0,1,1,0,1,0,0,1,0,8,8,1
325,2012,4,.25,2,-1.3540927,-1.754544,0,1,1,1,0,0,0,1,0,1.5,1,1.3333334
326,2012,10,.1,8,.57830644,.35719165,0,1,0,1,1,0,0,1,0,.5,.5,1
326,2015,10,.1,8,2.5780201,-.26987836,0,1,1,1,0,0,0,1,0,1.5,1.5,1
327,2012,10,.1,5,-.19104391,-1.0685866,1,1,0,0,0,0,0,0,0,1.4400001,1,1
327,2015,11,.090909094,4,2.1177356,.093736485,0,1,1,0,0,1,0,0,0,3,3,.66666669
328,2012,8,.125,5,.96193039,-.028754221,1,1,1,1,0,0,0,1,0,4.2199998,4,1.6666666
328,2015,5,.2,5,1.7312807,.76412916,0,1,0,1,1,0,0,1,0,5.02,5,1
329,2012,8,.125,6,-1.4206787,-1.3345804,0,1,1,0,0,0,0,0,1,.40000001,.40000001,1
329,2015,9,.11111111,5,1.7312807,.99810588,0,1,1,1,0,0,0,1,0,3,3,.33333334
330,2012,10,.1,7,-2.397939,-2.1894751,0,0,0,0,0,1,0,0,0,.5025,.5,1
330,2015,9,.11111111,10,1.4250457,1.3099809,0,1,0,0,0,0,0,1,0,3.5,3.5,.66666669
331,2012,7,0,2,-1.3540927,-.43268955,0,1,1,1,0,1,0,0,0,.5,.5,1
332,2012,3,.33333334,2,-1.3540927,.080798693,1,1,0,1,0,0,0,1,0,1.8,1.5,1
332,2015,3,.33333334,5,3.3473704,-.25766444,0,1,1,1,0,0,0,1,0,2.01,2,1
333,2012,7,0,2,-.20111838,-.6713534,0,1,0,0,0,0,0,1,0,.86250001,.5,1
333,2015,7,.14285715,14,.96193039,.21759336,0,1,1,1,1,0,0,1,0,2.01,2,1
334,2012,6,.16666667,2,-1.3540927,-.3785207,1,1,0,0,0,1,0,0,0,1,.5,1.3333334
334,2015,4,.25,3,.89534432,1.158002,0,1,1,0,0,0,0,1,0,4,4,1
335,2012,5,0,14,-1.3540927,-.50125813,0,1,1,0,0,0,0,0,0,.89999998,.40000001,1
335,2015,5,.2,16,.96193039,3.0526826,0,1,0,1,0,0,0,1,0,4.5,4,1
336,2012,4,0,9,-1.3540927,-.7017228,1,1,1,0,0,0,0,1,0,1.5,1,1.3333334
336,2015,7,.14285715,9,2.5780201,1.0397793,0,1,1,1,0,0,0,1,0,2.54,2.5,1.6666666
337,2012,6,0,16,-.19104391,-1.029025,1,1,1,1,0,0,0,1,0,3.01,1,1
337,2015,5,0,14,1.6646947,1.748539,0,1,0,0,0,0,0,1,0,3.52,3.5,1
338,2012,5,.2,2,-1.3540927,-.88403773,1,1,0,0,0,0,0,0,0,1.22,.75,1
338,2015,8,.125,9,3.3473704,-.45449266,0,0,1,1,0,0,0,1,0,1,1,.33333334
339,2012,5,.2,12,-1.3540927,-1.5270057,1,1,0,0,0,1,0,0,0,.5,.5,1
339,2015,5,.2,12,-.26770446,2.3554924,0,1,1,0,0,0,0,1,0,5.52,5.5,1
340,2012,7,0,2,.96193039,-.76528555,1,1,0,1,0,1,0,0,0,1.28,1,1.3333334
340,2015,6,.16666667,12,3.3473704,-.038768612,0,1,1,0,0,0,0,1,0,3.5,3.5,.66666669
341,2012,5,.2,2,.96193039,.10521598,1,1,0,1,1,0,0,1,0,1.5,.5,1
341,2015,5,.2,9,,.56836283,0,1,0,0,1,0,0,0,0,3,3,1
342,2012,5,.2,2,1.7312807,-.70168984,1,0,0,1,1,0,0,1,0,4.5149999,1,.66666669
342,2015,6,.16666667,12,1.6646947,,0,0,0,0,1,0,0,0,0,1.5,1.5,1
343,2012,6,.16666667,2,.96193039,1.0903195,1,1,0,0,1,0,1,0,0,2.0039999,1,1
343,2015,3,.33333334,12,.96193039,.70293015,0,1,1,1,0,0,0,0,1,3.02,3,.83333331
344,2012,5,.2,2,-.20111838,-1.806357,0,0,1,0,0,1,0,0,0,.5,.5,1.6666666
344,2015,5,.2,11,1.7312807,1.0202607,0,1,1,0,0,0,0,1,0,5.02,5,1
345,2012,5,.2,7,-1.3540927,-2.2533729,0,1,0,0,0,1,0,0,0,2.25,.25,1
346,2012,4,.25,2,.96193039,-1.2748083,1,1,0,1,0,1,0,0,0,.25,.25,1
347,2012,8,.125,2,-.58474231,-1.1189722,1,1,0,1,0,0,1,0,0,1,1,1.3333334
347,2015,5,.2,9,1.7312807,-.60997087,0,1,1,1,1,0,0,1,0,2,2,.66666669
348,2012,5,.2,2,-.19104391,-1.4927756,0,1,0,0,0,1,0,0,0,0,0,0
348,2015,5,.2,8,1.7312807,-1.1838037,0,1,1,0,0,0,0,1,0,1.01,1,1
349,2012,4,.25,2,.96193039,-.47244504,1,1,0,0,1,0,0,1,0,1,1,1.6666666
349,2015,3,.33333334,10,.96193039,.55837125,0,1,0,0,0,0,0,0,0,1.01,1,1
350,2012,4,.25,16,.96193039,-.71790367,1,1,0,0,0,0,0,1,0,2,2,1.6666666
350,2015,7,.14285715,6,1.7312807,-1.1350486,0,0,1,0,0,0,0,1,0,.5,.5,.66666669
351,2012,6,.16666667,7,-1.3540927,-.0083655007,1,1,1,0,0,1,0,0,0,.81999999,.69999999,.66666669
351,2015,5,.2,8,.96193039,.048638862,0,1,1,0,1,0,0,0,0,3.02,3,1
352,2012,5,.2,16,-2.3313529,-1.4812567,0,1,1,1,0,1,0,0,0,1.2,1,1
352,2015,4,.25,7,3.2807844,-.023627833,0,1,1,1,0,0,0,1,0,3,3,.66666669
353,2012,7,.14285715,2,-1.3540927,-.49537694,0,1,1,1,0,1,0,0,0,1.54,1.5,1.6666666
353,2015,5,.2,5,-.26770446,1.2366949,0,1,1,0,1,0,0,1,0,3.2,3,1
354,2012,3,.33333334,2,-1.3540927,-1.3906635,1,1,0,0,0,0,0,1,0,4.5,1.5,1
354,2015,4,.25,4,2.5114341,1.5670575,0,1,0,1,1,0,0,1,0,3.0599999,3,1
355,2012,5,.2,2,-.19104391,.59000915,1,1,0,1,0,0,0,1,0,3,2,1.6666666
355,2015,5,0,8,-1.4206787,-.93264645,0,1,1,1,0,1,0,0,0,.52999997,.5,1
356,2012,8,.125,14,-1.3540927,-.77923155,0,1,1,0,0,1,0,0,0,5,1,1
356,2015,10,.1,12,-.015329896,1.630258,0,1,1,1,0,1,0,0,0,.80000001,.80000001,1
357,2012,8,.125,7,-1.3540927,-.85699248,0,1,1,0,0,0,0,0,1,1.501,.5,1
357,2015,8,.125,6,-.26770446,-.98701978,0,1,1,0,0,1,0,0,0,2.5,1,1
358,2012,5,.2,9,-2.3313529,-1.7989453,0,0,1,0,0,1,0,0,0,1.7,1.7,1
358,2015,5,.2,8,-.25762996,.47402298,0,1,1,1,1,0,0,1,0,2.0009999,2,1
359,2012,6,.16666667,2,-1.3540927,-.90605086,1,1,1,0,0,0,0,1,0,4,2,1
359,2015,6,.16666667,8,2.5114341,1.8950711,0,1,1,0,1,0,0,1,0,12.5,3,1
360,2012,7,.14285715,2,-1.3540927,-.60044903,1,1,0,1,0,0,0,1,0,.80000001,.80000001,1.3333334
360,2015,6,.16666667,10,-.26770446,-.65757829,0,1,1,0,0,0,0,1,0,4.5,2.5,1
361,2012,3,0,3,-1.3540927,-1.3960882,1,1,1,0,0,0,0,1,0,1.02,1,1.3333334
361,2015,3,0,6,2.1177356,.95581043,0,1,1,1,0,1,0,0,0,2,2,1
362,2012,4,.25,2,-1.3540927,-.51354873,1,1,0,0,0,0,1,0,0,4,1,1
362,2015,3,.33333334,2,-.26770446,-.97814065,0,1,1,1,1,1,0,0,0,1.04,1,1
363,2012,3,0,7,-1.3540927,-1.0673908,1,1,1,0,0,0,0,1,0,2,2,1.3333334
363,2015,5,.2,8,1.5341737,.62358689,0,1,1,1,0,0,0,1,0,1.09,1,1
364,2012,5,.2,9,-.20111838,1.4171365,1,1,1,1,0,0,0,0,1,4.0539999,4,1
364,2015,5,.2,8,.89534432,-.21213897,0,1,1,0,1,0,0,0,0,.5,.5,1
365,2012,4,.25,2,-1.3540927,-.49821672,1,1,0,1,0,0,0,1,0,1.5,1.5,1.6666666
365,2015,4,.25,8,.89534432,.75974286,0,0,1,1,1,0,0,1,0,2,2,1
366,2012,6,.16666667,2,-1.3540927,-.017069023,1,1,0,0,0,0,0,0,1,6.0079999,1,1.3333334
366,2015,5,.2,12,.89534432,.6562736,0,1,1,0,0,0,0,1,0,1.5,0,0
367,2012,5,.2,2,-1.3540927,2.3536382,1,1,0,0,0,0,0,0,1,5.5100002,.5,1
368,2012,4,.25,2,-1.3540927,-1.4429748,0,1,1,0,0,1,0,0,0,4.0100002,4,1.6666666
368,2015,4,.25,6,2.5114341,-.86744672,0,1,1,0,0,0,0,0,0,2,2,1
369,2012,5,.2,2,-.65132838,-2.0744562,0,0,1,0,0,0,0,0,0,0,0,0
369,2015,6,.16666667,5,2.5114341,-.7016288,0,1,1,1,0,0,0,1,0,2,2,1
370,2012,4,.25,8,.56823194,-.39662409,0,1,1,0,0,1,0,0,0,.30000001,.30000001,1
370,2015,5,.2,8,2.5114341,1.9473,0,1,1,1,0,0,0,1,0,10,10,2
371,2012,6,.16666667,10,-1.6285887,-1.5254271,1,0,0,0,1,0,0,1,0,.51499999,.5,1
371,2015,7,.14285715,9,1.6646947,4.2046833,0,1,1,1,1,0,0,1,0,10.5,10.5,2.6666667
372,2012,7,.14285715,10,.56823194,1.4123197,1,1,0,0,0,0,0,1,0,3.3199999,3,1
372,2015,6,.16666667,12,.89534432,3.0033739,0,0,1,1,1,0,0,1,0,4.02,4,1
373,2012,8,.125,2,-.26770446,-.88030565,0,1,1,1,0,0,0,1,0,3.5,3.5,1
373,2015,5,.2,6,.89534432,1.1722168,0,1,1,1,0,0,0,1,0,3.51,3.5,1.3333334
374,2012,4,.25,2,.56823194,.10302507,0,1,1,0,1,0,0,1,0,1.01,1,1
374,2015,5,.2,5,.51172036,-1.1590954,0,1,1,1,1,0,0,1,0,3.5,3.5,1.3333334
375,2012,4,0,16,-1.5620027,.93162459,1,1,0,0,0,0,0,1,0,11,10,1
375,2015,4,0,16,2.5114341,5.1052475,0,1,1,1,0,0,0,0,1,8,8,1
376,2012,4,.25,2,.56823194,2.1493363,1,1,1,0,1,0,0,1,0,1.41,1,1.5
376,2015,5,.2,4,1.6646947,-.74273294,0,1,1,1,0,0,0,0,1,1.3104999,1.3,.66666669
377,2012,2,0,0,-1.3540927,.65016186,1,1,0,0,0,0,0,1,0,1.01,.60000002,1
377,2015,6,.16666667,10,-1.3540927,-1.3905524,0,1,1,1,0,0,0,1,0,.5,.5,1
378,2012,5,.2,4,.56823194,2.9488242,0,1,1,0,0,0,0,1,0,5.5,2,1.6666666
378,2015,2,.5,6,1.3483852,-1.0243553,0,0,0,0,0,0,0,0,0,.30000001,.30000001,1
379,2012,3,.33333334,4,-.58474231,.18533455,0,1,1,0,1,0,0,1,0,3.0290003,3,1
379,2015,3,.33333334,6,.50164586,2.4301763,0,0,1,0,0,0,0,1,0,5,5,1.3333334
380,2012,6,0,2,-.58474231,-.22244684,0,1,1,0,0,0,0,1,0,3.5,3.5,1.6666666
380,2015,5,0,6,1.3483852,.53808534,0,1,1,1,1,0,0,1,0,1.5,1.5,1
381,2012,6,.16666667,4,-1.3540927,-.89892644,0,1,1,0,0,0,0,1,0,2,2,1.3333334
382,2012,6,.16666667,1,-.58474231,-1.1346983,0,1,1,1,0,0,0,1,0,1.003,1,1
382,2015,4,0,6,-.26770446,-1.1506336,0,0,0,0,0,1,0,0,0,.0099999998,0,0
383,2012,4,.25,3,-1.5620027,-.7079792,0,1,0,0,1,0,0,1,0,1,1,1.6666666
384,2012,7,.14285715,2,-1.5620027,-1.8497713,0,1,0,0,0,1,0,0,0,.039999999,0,0
384,2015,7,.14285715,6,-.26770446,-1.0194712,0,1,1,0,0,0,0,1,0,1.5,1.5,1.3333334
385,2012,6,.16666667,5,-1.3540927,1.2114986,1,1,1,1,0,1,0,0,0,4,3,.66666669
385,2015,5,.2,8,.89534432,-.081718534,0,1,1,0,0,0,0,1,0,10,10,1
386,2012,6,0,12,-1.3540927,.12255073,0,1,1,0,0,0,1,0,0,.5,.5,1.6666666
386,2015,5,.2,12,3.2807844,.28849649,0,1,1,0,0,0,0,1,0,3.0599999,3,0
387,2012,5,0,2,-1.3540927,-1.7000175,0,1,0,1,0,1,0,0,0,1,1,1
387,2015,5,0,12,.89534432,-.14703938,0,1,1,1,0,0,0,1,0,10,10,1
388,2012,5,0,2,-.20111838,-.9536171,1,0,0,1,0,1,0,0,0,1.09,1.09,1.6666666
388,2015,3,0,2,1.6646947,-.32152447,0,1,1,0,0,0,0,1,0,5,5,2
389,2012,5,.2,2,-.20111838,-.014265533,0,1,0,1,1,0,1,0,0,5,5,1
389,2015,7,.14285715,10,1.6646947,-.22993258,0,1,1,0,0,0,0,0,1,4,4,1
390,2012,3,0,2,-1.3540927,.41571921,1,1,1,1,0,0,1,0,0,3.05,2,1.3333334
390,2015,3,0,6,.96193039,-.43758976,0,1,1,0,0,0,0,1,0,4.4000001,4,1
391,2012,9,.11111111,14,-1.3540927,.52125698,1,1,0,0,0,0,0,1,0,3,2.5,1
391,2015,6,.16666667,14,1.6646947,-.69982654,0,1,1,1,1,0,0,0,1,3.01,3,1
392,2012,5,.2,14,-.20111838,.16598985,0,1,0,1,0,0,1,0,0,5.5,5,1.6666666
392,2015,6,.16666667,12,.89534432,-1.6288022,0,1,1,0,0,1,0,0,0,3.1500001,3,1
393,2012,7,.14285715,2,-1.3540927,3.6379793,1,1,1,1,0,0,0,1,0,2.0150001,2,1.6666666
393,2015,4,.25,9,1.4149714,.68700635,0,1,1,0,1,1,0,0,0,2.5,2.5,.66666669
394,2012,7,.14285715,2,-1.3540927,.44155636,1,1,1,0,1,0,1,0,0,1.505,1.5,.66666669
394,2015,4,0,9,-1.3540927,1.3190054,0,1,1,1,0,0,0,1,0,2.53,2.5,1
395,2012,4,0,2,-2.3313529,-1.9496483,0,1,0,0,0,1,0,0,0,.15000001,.15000001,.66666669
395,2015,4,0,12,1.4149714,.26217696,0,0,0,0,0,0,0,0,0,2.5,2.5,1.3333334
396,2012,5,.2,2,-1.3540927,.90319639,1,1,0,1,0,0,0,1,0,4,4,1.5
396,2015,7,.14285715,7,-.20111838,1.1260481,0,1,1,1,0,0,0,1,0,2.5,2.5,1
397,2012,5,.2,9,-2.397939,.94638276,0,0,1,1,0,0,0,1,0,1.5,1.5,.66666669
398,2012,4,.25,9,-.20111838,-1.3657291,0,1,0,0,0,1,0,0,0,1,1,1
398,2015,5,.2,7,2.1843216,.94696385,1,0,0,0,0,0,0,1,0,3.3,3,1.3333334
399,2012,5,.2,2,-.58474231,2.2294068,0,1,1,0,1,0,0,1,0,5.5,5,1.6666666
399,2015,4,.25,8,-.65132838,.35867536,0,1,1,0,0,1,0,0,0,.5,.5,1
400,2012,9,.11111111,14,-1.3540927,-1.5464427,0,1,0,0,0,0,1,0,0,.50999999,.5,.83333331
400,2015,6,.16666667,12,-.26770446,1.4629782,0,1,1,1,0,0,0,0,1,4.0799999,4,1
401,2012,7,.14285715,14,-1.3540927,-.97259146,1,1,1,1,0,0,0,1,0,.70499998,.69999999,1.3333334
401,2015,5,.2,10,2.5114341,-.63813841,0,1,0,1,0,0,0,0,0,15,15,.66666669
402,2012,8,.125,2,-1.3540927,.086317338,0,1,1,1,0,0,0,1,0,1.4,1,1
402,2015,9,.11111111,10,.68743438,-1.2982562,0,0,1,0,1,1,0,0,0,3.0150001,3,.66666669
403,2012,3,0,3,-1.3540927,-.77696776,1,1,1,0,0,0,1,0,0,2.0139999,2,1.3333334
403,2015,3,.33333334,6,3.2807844,1.0725354,0,1,1,0,0,0,0,1,0,4.0079999,4,.66666669
404,2012,4,0,7,-1.3540927,-1.7455536,0,1,0,0,0,0,0,0,0,0,0,0
405,2012,8,.125,2,-.20111838,.25824443,0,1,1,1,0,0,0,1,0,3.0209999,3,1.3333334
405,2015,6,.16666667,9,3.2807844,1.1751366,0,1,1,0,0,0,0,0,0,3,3,.66666669
406,2012,7,0,2,-1.3540927,2.7685144,0,1,1,0,0,0,0,1,0,2.75,2,1
406,2015,6,0,7,1.6646947,.85167366,0,1,1,0,0,0,0,1,0,6,6,2
407,2012,5,.2,2,-1.3540927,-1.2718748,0,1,1,0,0,0,0,1,0,.074000001,.044,1.6666666
407,2015,5,.2,9,3.2807844,2.7411678,0,1,1,1,1,0,0,0,0,3.24,3,1.3333334
408,2012,6,0,2,-.20111838,.23242527,1,1,0,1,0,0,0,1,0,.69999999,.69999999,1
408,2015,5,0,12,1.6646947,1.1802868,0,1,1,1,0,0,0,1,0,3,3,2
409,2012,6,.16666667,2,-.58474231,.731206,1,0,0,1,0,0,0,1,0,2.0999999,2,1
409,2015,7,.14285715,8,3.2807844,1.6042243,0,1,1,1,1,0,0,1,0,10,10,1
410,2012,5,.2,2,-.58474231,-1.4660248,0,1,0,0,1,0,1,0,0,1.22,1,1.3333334
410,2015,3,.33333334,7,2.5114341,.33696595,0,1,1,1,1,0,0,1,0,.5,.5,1
411,2012,5,.2,2,-1.3540927,-.59380472,0,1,0,1,0,0,1,0,0,5.0040002,4.0040002,2
411,2015,5,0,7,-1.4206787,-2.2299507,0,1,1,1,0,1,0,0,0,2.05,2,.33333334
412,2012,3,.33333334,2,-1.3540927,.70996416,0,1,1,0,0,0,0,1,0,8.0080004,5,.66666669
412,2015,3,.33333334,5,3.2807844,.54610193,0,1,0,0,0,0,0,1,0,2.52,2.5,1
413,2012,4,.25,2,-.20111838,2.4590421,1,1,0,1,0,0,1,0,0,2.5,2.5,1.6666666
413,2015,4,.25,5,1.6646947,-1.4872748,0,1,1,0,1,1,0,0,0,1,1,1
414,2012,5,.2,12,-1.3540927,-.27291811,0,1,1,0,1,0,0,1,0,2.01,2,1
414,2015,5,.2,14,1.6646947,-.90465111,0,1,1,1,0,0,0,0,1,3,3,1
415,2012,4,0,12,-1.3540927,.75759542,0,0,0,0,0,0,1,0,0,1,1,1
415,2015,7,.14285715,12,3.3473704,.49703857,0,1,1,1,1,1,0,0,0,3.0050001,3,1
416,2012,4,.25,2,-.20111838,1.440516,1,1,0,1,0,0,0,1,0,1.5,1.5,1.6666666
416,2015,4,.25,5,1.6646947,2.7017927,0,1,1,1,0,1,0,0,0,2,2,1
417,2012,4,.25,2,-1.3540927,.045071967,0,1,1,0,1,0,0,1,0,3.0050001,2.5,1
417,2015,4,.25,6,.89534432,.93215698,0,1,1,1,0,0,0,1,0,11.01,1,1
418,2012,5,0,4,-1.3540927,-1.511549,1,1,0,1,1,1,0,0,0,.64999998,.5,1
418,2015,4,0,7,-1.3540927,1.8977765,0,1,1,0,0,0,0,0,1,1.5,1.5,1.6666666
419,2012,5,.2,2,.56823194,-.55481279,1,1,0,0,1,0,0,1,0,1.3119999,1.3,1.6666666
420,2012,5,.2,2,-.58474231,1.2052747,1,1,0,1,0,0,0,1,0,2.0999999,2,1.3333334
420,2015,5,.2,8,-.65132838,-.75034553,0,1,1,0,1,0,0,1,0,1,1,1
421,2012,5,.2,9,.56823194,.18925181,0,1,1,1,1,0,0,1,0,6.1500001,4,1.6666666
421,2015,4,.25,7,.50164586,.17364137,1,0,0,1,0,1,0,0,0,.71999997,.69999999,1.3333334
422,2012,5,0,12,.56823194,-.79017341,0,1,1,0,0,0,0,1,0,3.4000001,.69999999,1.6666666
422,2015,5,0,12,3.2807844,3.8846662,0,1,1,0,1,0,0,1,0,1.51,1.5,1
423,2012,5,.2,12,-1.3540927,-.33471799,1,1,1,0,0,0,0,1,0,1,1,1.6666666
423,2015,5,.2,14,.89534432,4.4615688,0,1,1,1,1,0,0,1,0,1.53,1.5,.66666669
424,2012,9,.11111111,2,-.20111838,-.067250006,1,1,0,0,0,0,0,1,0,2.03,2,1.3333334
424,2015,7,.14285715,12,1.6646947,.84368366,0,1,1,1,1,0,0,1,0,3.4000001,3,1.6666666
425,2012,7,0,9,-.19104391,-.25027966,1,1,1,0,0,1,0,0,0,1.0599999,1,1.6666666
425,2015,9,.11111111,10,1.6646947,1.2230738,1,1,1,1,0,0,0,1,0,2.5,2.5,.66666669
426,2012,4,.25,12,1.7312807,-.83370191,0,1,1,0,1,0,0,1,0,2.05,2,1.6666666
426,2015,5,.2,12,.50164586,.13946423,0,1,1,1,0,0,0,1,0,3,1,1
427,2012,9,.11111111,14,-.20111838,-.84809744,1,1,0,0,0,0,0,1,0,2,2,1.6666666
427,2015,8,.125,12,3.2807844,4.0933867,0,1,1,1,1,0,0,1,0,2.5,2.5,.66666669
428,2012,6,.16666667,2,-.58474231,-.900765,1,1,0,0,1,0,0,1,0,1,1,1.6666666
428,2015,6,.16666667,10,.50164586,2.361244,0,1,1,1,0,0,0,1,0,3,3,1.3333334
429,2012,9,.11111111,2,-2.3313529,-1.1781182,1,1,0,0,1,0,0,1,0,1.5,1.5,1
429,2015,8,.125,6,1.7312807,.45798901,0,1,1,1,0,0,0,1,0,1.5,1.5,1.3333334
430,2012,9,.11111111,14,-1.3540927,-1.3025086,1,1,0,0,0,0,0,0,0,.36299998,.12,.66666669
430,2015,10,.1,12,1.6646947,2.993916,0,1,1,1,0,0,0,1,0,1.51,1.5,1
431,2012,5,.2,2,-2.3313529,-.30123365,0,1,1,0,1,1,0,0,0,4.0149999,4,1.1666666
431,2015,5,.2,7,.50164586,1.9921443,0,1,1,0,0,0,1,0,0,6,1,1
432,2012,4,.25,2,-1.3540927,2.5697703,0,1,1,1,1,0,0,1,0,3.513,2.5,1.6666666
432,2015,4,.25,7,-.65132838,-.10669496,0,1,1,1,0,0,0,1,0,1,1,1.3333334
433,2012,9,.11111111,2,-.58474231,.43963456,0,1,1,0,1,0,0,1,0,1.0015,1,1
433,2015,7,.14285715,16,-.26770446,-1.9992867,0,1,1,1,0,1,0,0,0,2.0999999,2,1
434,2012,6,.16666667,2,-1.3540927,-1.2391492,0,1,0,0,0,0,0,1,0,.25,.25,1
434,2015,5,0,12,1.3483852,.86351413,0,1,1,0,0,0,0,1,0,4.6199999,4.5,1.3333334
435,2012,8,.125,2,-2.3313529,-2.1563497,1,0,0,0,0,1,0,0,0,.36000001,.36000001,.66666669
435,2015,6,.16666667,6,-.26770446,3.4796655,0,1,1,0,0,0,0,0,0,3.0450001,3,1
436,2012,3,.33333334,2,-.26770446,-.27507871,0,1,1,1,0,0,0,1,0,1.02,1,1.3333334
436,2015,6,.16666667,9,-.26770446,.43608201,0,1,1,0,0,1,0,0,0,5.0050001,5,1
437,2012,8,.125,14,.56823194,-.10022172,0,1,0,1,0,0,0,1,0,2.3,1,1
437,2015,6,.16666667,16,-2.3313529,.66691536,0,0,1,0,0,1,0,0,0,2.24,1.5,1
438,2012,5,.2,2,.57830644,-1.0095116,0,1,1,1,0,1,0,0,0,1.015,1,1.3333334
438,2015,6,.16666667,7,-.26770446,-.39492133,0,1,1,1,0,0,0,1,0,3.7,3,0
439,2012,5,0,7,-1.3540927,-1.2276262,1,1,0,1,1,0,0,1,0,1.16,1,1.3333334
439,2015,5,0,7,-.26770446,-1.1018566,0,1,1,0,0,1,0,0,0,1,2,.66666669
440,2012,7,0,16,-.26770446,.68449765,0,1,1,1,1,0,0,1,0,2,1,1
440,2015,6,0,14,-.26770446,1.9680415,0,1,1,0,1,1,0,0,0,4.6799998,4.5,1
441,2012,5,.2,8,-.58474231,-.3094154,1,1,0,1,0,0,0,1,0,1.65,1,1.3333334
442,2012,5,.2,9,-2.397939,-2.4564273,0,1,0,0,0,1,0,0,0,.94499999,.89999998,1
442,2015,5,.2,7,1.6646947,-1.3288906,0,1,0,0,0,0,0,1,0,1.5,1.5,1.3333334
443,2012,4,.25,6,-.58474231,-1.5866536,1,1,0,1,1,0,0,1,0,2,2,1.3333334
443,2015,2,0,6,1.6646947,-1.3294306,0,1,0,0,0,1,0,0,0,1.3,1.3,1
444,2012,6,.16666667,2,-1.5620027,-1.4388508,0,1,0,0,0,1,0,0,0,.63,.60000002,1.3333334
444,2015,9,.11111111,9,.51172036,-.8814438,0,1,0,0,0,1,0,0,0,2.2,2.2,1
445,2012,6,.16666667,12,-1.3540927,-1.2130944,1,1,0,0,0,1,0,0,0,.27000001,.27000001,1.3333334
445,2015,4,.25,14,1.7312807,1.5612259,0,1,0,0,0,0,0,0,1,2,2,1
446,2012,9,0,16,-1.4206787,.48641768,0,1,1,1,0,0,0,1,0,2.79,.60000002,1
446,2015,10,.1,9,3.2807844,1.1716028,0,1,0,0,1,0,0,0,0,3,3,1.3333334
447,2012,10,.1,2,-.20111838,-1.0508227,1,1,0,0,1,1,0,0,0,.89999998,.5,1
447,2015,6,.16666667,9,.51172036,-.46053237,0,1,1,0,0,1,0,0,0,1.5,1.5,1.3333334
448,2012,11,.090909094,16,-1.3540927,-2.2045152,1,0,0,0,0,1,0,0,0,.5,.5,1
448,2015,7,.14285715,16,3.2807844,1.2630692,0,1,1,0,0,1,0,0,0,3,3,1
449,2012,5,.2,2,-.20111838,1.409615,1,0,1,1,1,0,0,1,0,5,0,0
449,2015,4,.25,5,.50164586,.064334266,0,1,0,1,1,0,0,0,1,3,2.5,1
450,2012,9,.11111111,5,-1.3540927,-.87145287,,0,1,1,,1,0,0,0,2,1,.66666669
450,2015,6,0,5,-.20111838,.65131193,0,1,1,0,0,0,0,1,0,3,3,1
451,2012,5,.2,7,-1.2449647,-.16109644,0,0,1,1,1,0,0,1,0,1.002,1,.33333334
451,2015,6,.16666667,10,-.20111838,1.7401774,0,1,1,0,0,0,0,1,0,1.01,1,1
452,2012,5,.2,5,-.26770446,3.1827061,0,1,1,1,1,0,0,1,0,7,0,0
452,2015,5,.2,7,-1.4206787,.54149735,0,1,1,0,1,0,0,1,0,2.006,2,.66666669
453,2012,8,.125,2,-.26770446,-.71498734,0,0,1,0,1,0,0,1,0,3.2,.40000001,.33333334
453,2015,4,0,6,.56823194,1.6880744,0,1,0,0,0,0,0,1,0,5,3,.66666669
454,2012,7,.14285715,12,-1.4206787,-.17646143,0,1,0,0,1,0,0,1,0,2,1,.33333334
454,2015,5,0,16,2.1843216,1.9462497,0,1,1,0,0,0,0,1,0,5.0999999,5,.66666669
455,2012,4,0,2,-2.397939,5.2826104,0,0,0,0,1,0,1,0,0,.5,.5,.33333334
455,2015,5,.2,12,-.20111838,.12005394,0,1,0,0,0,0,0,0,0,1.5,1.5,1
456,2012,10,.1,2,-1.4206787,1.0577379,1,0,0,1,1,1,0,0,0,3,3,.33333334
457,2012,5,.2,2,-.47561437,.46628472,0,1,1,0,1,0,0,1,0,.5,.5,1.3333334
457,2015,5,0,12,.96193039,3.8873115,0,1,1,1,0,0,0,1,0,8.5,8.5,1
458,2012,4,.25,2,.50164586,.74613583,0,1,1,0,1,0,0,1,0,7,3,1
458,2015,4,.25,7,3.2807844,-.08704295,0,0,1,0,0,0,0,1,0,.5,.5,.66666669
459,2012,8,.125,2,.50164586,5.31567,0,1,1,0,0,0,0,1,0,3,3,.33333334
459,2015,4,0,11,1.6646947,1.31575,0,1,1,1,0,0,0,1,0,5.04,5,1
460,2012,8,.125,2,-.26770446,1.5377157,0,1,0,0,1,0,0,1,0,25,5,.33333334
460,2015,4,.25,12,3.3473704,.99104601,0,1,1,0,0,0,0,1,0,3,3,.66666669
461,2012,6,.16666667,2,-.26770446,.5221681,0,1,1,0,1,0,0,1,0,9.1999998,1,.16666667
461,2015,4,.25,8,.56823194,-1.799777,0,1,0,0,0,0,0,1,0,.31,.30000001,1
462,2012,7,.14285715,2,-.26770446,4.3742495,0,1,1,1,1,0,0,1,0,6,1,.16666667
462,2015,5,.2,8,1.7312807,.0050143404,0,1,1,0,1,0,0,0,0,.25999999,.25,1
463,2012,6,.16666667,2,-.47561437,-.79994363,0,1,0,0,1,0,0,1,0,2.5,2,.66666669
463,2015,5,.2,8,.96476126,.70204186,0,1,1,0,0,0,0,1,0,1.4,1.4,.66666669
464,2012,8,0,14,-.26770446,.72597706,0,1,1,0,1,0,0,1,0,8,3,.66666669
464,2015,5,0,14,.96193039,1.5636854,0,1,1,0,0,0,0,1,0,5,5,1
465,2012,4,.25,8,-.65132838,-.3318381,0,1,1,0,1,0,0,0,0,1,1,.33333334
465,2015,4,.25,14,-1.2449647,1.2274168,0,1,1,0,0,0,0,0,1,.89999998,.80000001,2
466,2012,5,0,11,-1.4206787,2.4988101,0,1,1,0,1,0,0,1,0,5.5,5.5,.66666669
466,2015,5,0,9,-1.4206787,-.80062687,0,1,1,0,0,0,0,1,0,3,2,1
467,2012,6,.16666667,2,-1.4206787,6.5321393,0,1,1,1,1,0,0,1,0,1.5,1,.66666669
467,2015,5,.2,5,-1.4206787,.45198759,0,1,1,1,0,0,0,0,1,4,4,1.3333334
468,2012,6,.16666667,7,-1.4206787,2.0216722,0,1,1,0,1,0,0,1,0,4.1999998,2.5,.33333334
468,2015,7,.14285715,6,-1.4206787,.48352173,0,1,1,0,0,0,0,1,0,3.4000001,1,1
469,2012,5,.2,8,-1.4206787,2.6214187,0,1,1,1,0,0,0,1,0,1.5,0,0
469,2015,5,.2,8,-.26770446,-.83431655,0,1,0,1,0,0,0,1,0,2.0999999,2.0999999,1.3333334
470,2012,8,.125,7,-1.4206787,.54314816,0,0,1,0,1,0,0,1,0,2,.5,.16666667
470,2015,7,.14285715,8,-1.4206787,-.42307401,0,1,1,0,1,0,0,0,0,4,3,1
471,2012,11,.090909094,7,-1.4206787,.77104402,0,1,1,0,1,1,0,0,0,1,1,.16666667
471,2015,12,.083333336,7,-1.4206787,-.80109966,0,1,1,0,0,1,0,0,0,4.5,3,1
472,2012,5,.2,2,-2.3313529,.79890841,0,1,1,0,1,1,0,0,0,.5,0,0
472,2015,5,.2,7,-1.4206787,-.050910018,1,1,0,0,0,0,0,1,0,1.03,1,.66666669
473,2012,4,.25,2,-.65132838,1.7154288,0,1,1,1,1,0,0,1,0,2,1,.66666669
473,2015,5,.2,7,-1.4206787,-1.9549636,0,1,0,0,0,1,0,0,0,1.1,1,.66666669
474,2012,4,.25,2,-1.4206787,-.43208709,,0,1,1,,0,0,1,0,7,0,0
474,2015,6,.16666667,5,-1.4206787,-2.6888347,0,1,1,0,0,0,0,1,0,1.5,1.5,.66666669
475,2012,2,0,0,-1.4206787,-.93624121,0,1,1,0,0,1,0,0,0,1.7,0,0
476,2012,5,.2,7,-1.4206787,-.032543775,0,1,1,1,1,0,1,0,0,.69999999,.34999999,.33333334
476,2015,7,.14285715,7,-1.4206787,-2.0489192,0,1,0,0,0,1,0,0,0,.079999998,0,0
477,2012,5,.2,2,-1.4206787,.22379692,0,0,1,0,1,1,0,0,0,.5,.5,.66666669
477,2015,5,.2,5,-2.397939,-1.031365,0,1,1,0,0,0,0,0,0,.81200004,.80000001,.66666669
478,2012,5,.2,2,-.65132838,-1.0835338,0,1,0,0,0,0,0,0,0,.5,.5,.66666669
478,2015,4,.25,2,-1.4206787,-1.0547888,0,1,1,0,0,0,0,0,1,2.75,2,1
479,2012,3,.33333334,2,-.65132838,1.2141631,0,0,1,1,1,0,0,1,0,3,1.5,2
480,2012,5,.2,6,-.65132838,-.42938563,0,1,1,0,1,0,0,0,0,1,.5,.66666669
480,2015,5,.2,6,-1.2449647,.12396374,0,1,1,0,0,0,0,1,0,1.8,1,1.3333334
481,2012,5,0,10,-1.6285887,2.3266616,0,1,1,0,1,0,0,1,0,.69999999,.69999999,.33333334
481,2015,7,.14285715,4,-.08191596,-1.2028522,1,1,0,0,0,1,0,0,0,1.2,1.2,1.3333334
482,2012,3,.33333334,6,.50164586,1.4264129,0,1,1,1,0,0,0,1,0,1,1,.33333334
483,2012,5,.2,7,-1.4206787,.27179754,0,1,1,0,0,0,0,0,0,.5,.5,.33333334
484,2012,4,.25,5,.50164586,1.1060088,0,1,1,1,0,0,0,1,0,1.25,1,.33333334
485,2012,7,.14285715,2,.50164586,.16888212,0,1,1,0,0,0,0,0,0,.5,.5,.33333334
485,2015,6,.16666667,9,.89534432,.26388004,1,1,1,0,0,0,0,0,1,5.0100002,5,.66666669
486,2012,5,.2,2,-.47561437,3.9454491,0,1,1,1,0,0,0,1,0,1.5,1.5,.33333334
486,2015,5,.2,6,-.26770446,-1.020195,0,1,0,1,0,1,0,0,0,.74000001,.74000001,.66666669
487,2012,8,0,2,-.26770446,3.0715821,0,1,1,1,0,0,0,1,0,1.0599999,1,.33333334
487,2015,5,0,12,-.26770446,.78990698,1,1,0,0,0,1,0,0,0,2.3,1,.33333334
488,2012,4,.25,2,.50164586,1.2338424,0,1,1,0,0,0,0,1,0,2.0014999,2,.33333334
488,2015,4,.25,7,-.25762996,-1.3032411,1,1,0,0,0,1,0,0,0,2,2,.66666669
489,2012,4,.25,5,.50164586,-.50845772,0,1,1,1,1,0,0,1,0,.84000003,.80000001,1
489,2015,4,.25,5,-.26770446,-2.0351241,0,1,1,0,0,1,0,0,0,.5,.5,1
490,2012,7,.14285715,5,-.26770446,2.491281,0,1,1,1,0,1,0,0,0,1,1,.16666667
490,2015,5,.2,9,-1.4206787,-.7773391,0,1,1,0,0,0,0,0,1,.5,.5,1.3333334
491,2012,4,.25,0,-.26770446,1.9498179,0,1,1,1,1,0,0,1,0,2.4000001,2,1
491,2015,7,.14285715,9,-1.2449647,-1.2084205,1,1,0,1,0,0,0,0,1,1.6,1.5,1.6666666
492,2012,4,0,5,.50164586,-.62090319,0,1,1,0,0,1,0,0,0,1.02,1,.66666669
492,2015,4,.25,1,-1.4206787,-1.4859285,0,1,0,0,0,0,1,0,0,1.5,1.5,1.3333334
493,2012,6,.16666667,8,-.26770446,3.6900856,0,1,1,1,1,0,0,0,0,3.5,1.5,1.3333334
493,2015,5,0,8,-1.4206787,-.28229976,0,1,0,1,1,0,0,0,1,2,2,1
494,2012,6,.16666667,4,-.26770446,.8489368,0,1,1,1,0,0,0,1,0,1.5,1,.66666669
494,2015,6,.16666667,5,-1.4206787,5.2914066,0,0,1,1,1,0,0,0,1,3,3,1.6666666
495,2012,5,.2,7,-1.2449647,-.19390626,0,0,1,0,0,0,0,1,0,2,1,.66666669
495,2015,4,.25,7,-1.4206787,-.68119842,1,1,1,0,0,0,0,0,1,.60000002,.60000002,1
496,2012,7,.14285715,12,-.26770446,-.11989202,0,1,1,0,0,0,0,1,0,1,1,.66666669
496,2015,6,.16666667,14,-1.4206787,-.43386137,1,1,0,0,1,1,0,0,0,2,2,1
497,2012,4,0,5,.50164586,1.9598526,0,1,1,1,1,0,0,1,0,5,2,1
497,2015,6,.16666667,5,-1.4206787,-1.0410537,0,1,1,0,1,0,0,0,1,1,1,.66666669
498,2012,8,.125,12,.56823194,2.0881288,0,1,0,1,1,0,0,1,0,4,4,1.3333334
498,2015,8,.125,10,-.26770446,4.9817381,0,1,1,1,0,0,0,0,1,2.5,2.5,1.6666666
499,2012,7,.14285715,8,-.65132838,2.374449,0,1,1,0,0,1,0,0,0,2,2,1
500,2012,5,.2,2,.50164586,2.9165347,0,1,1,0,0,0,0,1,0,2,2,.66666669
500,2015,4,.25,5,1.3584597,-1.7573031,0,1,1,1,0,1,0,0,0,.5,.5,1.3333334
501,2012,4,.25,4,-1.4206787,.69278616,0,1,0,0,0,0,0,0,0,2,2,1
501,2015,4,.25,7,-1.4206787,-1.2086283,0,1,1,0,1,0,0,1,0,.60000002,.60000002,1
502,2012,5,.2,6,-.20111838,-1.0520195,0,1,1,1,0,1,0,0,0,2,2,1
502,2015,4,.25,7,-2.397939,-1.7030715,0,1,1,1,1,0,0,1,0,.5,.5,.66666669
503,2012,5,.2,5,-.26770446,.47726062,0,1,1,0,1,0,0,0,1,5.5,1.5,.33333334
503,2015,6,.16666667,3,-.25762996,-1.6702886,0,1,0,0,0,1,0,0,0,.25,.25,.66666669
504,2012,4,.25,5,.50164586,-.43525162,0,1,0,1,0,1,0,0,0,3,3,.33333334
504,2015,4,0,10,-1.4206787,-.30527735,0,0,1,0,0,0,1,0,0,2,2,1.6666666
505,2012,6,.16666667,4,-.20111838,1.5476975,0,1,1,0,0,1,0,0,0,2,2,.33333334
505,2015,4,.25,5,-.26770446,-1.8017259,0,1,0,1,0,0,0,1,0,.51999998,.5,.66666669
506,2012,6,.16666667,2,.50164586,.32484561,0,1,0,0,0,1,0,0,0,8.5,5,1
506,2015,7,0,11,-.26770446,-1.3030761,0,1,1,0,0,1,0,0,0,1.5,1.5,.66666669
507,2012,4,.25,3,-.20111838,.24907975,0,1,1,0,0,0,0,1,0,2,2,.66666669
507,2015,4,.25,4,-.26770446,.17571662,1,1,1,0,0,0,0,1,0,3,3,1.3333334
508,2012,7,.14285715,7,-.20111838,.6526109,0,1,1,1,0,0,0,1,0,2,2,1
508,2015,7,.14285715,5,-1.4206787,-.70949459,0,1,0,0,0,1,0,0,0,1,1,1
509,2012,5,.2,3,-.20111838,.60006303,0,1,1,0,1,0,0,1,0,2,2,.33333334
509,2015,6,.16666667,12,-1.4206787,-2.2108858,0,1,0,0,0,1,0,0,0,1,1,1.6666666
510,2012,11,.090909094,6,-1.3540927,.83407342,0,1,1,0,0,1,0,0,0,2,2,.66666669
510,2015,10,.1,5,-1.4206787,-.17205121,0,0,1,0,0,0,0,0,1,.5,.5,1.3333334
511,2012,7,0,2,-.20111838,2.8522472,0,1,0,0,0,0,0,1,0,4,3,.66666669
511,2015,7,0,12,-.26770446,.067021511,1,1,1,1,0,0,0,0,0,1.515,1.5,1
512,2012,7,.14285715,2,.56823194,.31451836,0,1,1,1,1,0,0,0,1,2.22,2,1
512,2015,7,.14285715,8,-.26770446,-1.1715251,0,1,1,1,0,0,0,1,0,1.515,1.5,1
513,2012,6,.16666667,16,-1.4206787,1.107147,0,1,0,0,0,0,0,0,1,4.5,4.5,.33333334
513,2015,6,.16666667,8,-.25762996,-.79650897,0,1,1,1,1,0,0,0,1,3,1.5,.66666669
514,2012,5,.2,11,.96193039,1.8672675,0,0,0,0,0,1,0,0,0,1,1,.66666669
514,2015,5,0,16,.89534432,1.7140334,0,1,1,0,1,0,0,1,0,2.0699999,2,.66666669
515,2012,6,.16666667,12,-.65132838,.84409434,0,1,1,1,0,0,0,1,0,1,0,0
515,2015,6,.16666667,12,-1.2449647,-.16406329,0,1,0,0,0,0,0,1,0,3.54,3.5,.66666669
516,2012,7,.14285715,14,-.65132838,1.5007641,0,1,1,0,0,0,1,0,0,3,3,.33333334
516,2015,7,0,12,.89534432,2.3519409,0,1,1,0,0,1,0,0,0,7.3000002,6,1.3333334
517,2012,5,.2,14,1.6646947,-.19956118,0,1,1,0,1,0,0,1,0,2,1,.33333334
517,2015,5,.2,16,-.25762996,-.72960716,0,1,1,0,0,0,0,0,1,1.9,.5,.66666669
518,2012,4,0,14,1.6646947,1.3524977,,0,1,1,,0,0,0,0,1.5,1.5,.66666669
519,2012,11,.090909094,8,-.25762996,.38562024,0,1,1,1,0,0,0,1,0,2.0050001,2,.33333334
519,2015,8,.125,9,-1.4206787,-1.1270565,1,1,1,0,0,0,0,0,1,1.9,1.8,.33333334
520,2012,4,.25,7,-.65132838,.43270662,0,0,1,0,0,0,0,0,0,1.3,1.3,1
520,2015,4,.25,8,.89534432,-.78349364,1,1,0,0,0,0,0,1,0,4,2,1
521,2012,4,.25,2,-.58474231,.36025593,0,1,1,0,1,1,0,0,0,1,1,.33333334
521,2015,3,.33333334,3,.89534432,.32011849,0,1,1,0,0,0,0,1,0,4,4,.66666669
522,2012,8,.125,9,-1.3540927,-.30597624,0,1,0,1,1,1,0,0,0,.30000001,.30000001,1
522,2015,5,0,12,-.25762996,-1.9165927,0,1,0,0,0,1,0,0,0,.50999999,.5,.66666669
523,2012,9,.11111111,12,.96193039,-.595433,0,1,1,0,1,1,0,0,0,1.5,1.5,.66666669
523,2015,7,.14285715,12,-.25762996,-.79968566,0,1,1,0,1,0,0,1,0,2,1.5,.66666669
524,2012,5,.2,14,-.19104391,-.21379811,0,1,1,1,1,1,0,0,0,1,1,.66666669
524,2015,5,.2,8,-1.4206787,-1.3139601,0,1,1,0,0,0,0,0,1,1,1,1
525,2012,6,.16666667,14,-1.4206787,-.41085246,0,1,0,1,1,1,0,0,0,.12,.12,.5
525,2015,6,.16666667,11,1.6646947,-1.7710923,0,1,0,0,0,0,0,0,0,1.2,1.2,1
526,2012,6,.16666667,2,-1.3540927,1.4169277,0,1,1,1,0,0,0,1,0,.12,.12,.33333334
526,2015,6,.16666667,9,-.65132838,-2.696058,0,1,0,0,0,0,0,0,0,1,1,.33333334
527,2012,5,.2,16,.57830644,-.20544466,0,1,1,1,1,1,0,0,0,1,1,1
527,2015,4,0,16,.89534432,-.79934299,1,1,0,1,1,0,0,1,0,1.21,1,.66666669
528,2012,4,.25,2,1.7312807,1.1986263,0,1,1,1,0,1,0,0,0,3.0374999,3,.66666669
528,2015,4,.25,9,.51172036,-2.0351241,0,1,1,0,1,0,0,0,0,.30000001,0,0
529,2012,7,.14285715,7,-.65132838,-.02710098,0,1,1,1,1,0,0,1,0,2.5,2.5,.33333334
529,2015,7,.14285715,8,-1.4206787,-1.0993825,0,1,0,0,0,1,0,0,0,1.5,1.5,.66666669
530,2012,5,.2,12,-1.4206787,-.3791137,0,1,1,0,0,0,0,1,0,1.5,1,.33333334
530,2015,5,.2,12,1.6646947,-.078992881,0,1,0,0,0,0,0,0,0,2,2,1.6666666
531,2012,4,.25,2,-1.4206787,-.61923349,0,1,1,0,0,0,0,1,0,.5,.5,.33333334
531,2015,4,.25,5,-1.4206787,-1.1625061,0,1,1,1,1,0,0,0,1,.5,.5,1
532,2012,6,.16666667,8,-1.4206787,2.2571874,0,1,1,1,0,0,0,1,0,2,1.5,.33333334
532,2015,4,.25,8,2.5114341,-.60576552,0,0,1,0,0,0,0,0,1,3.5,1.5,.66666669
533,2012,5,0,16,-1.4206787,-.37710419,0,1,1,0,0,0,0,0,1,.5,.5,.33333334
533,2015,4,.25,16,.89534432,-1.0335369,0,0,1,0,0,0,0,0,1,1,1,1
534,2012,4,.25,2,,,,,,,,,,,,,,
534,2015,4,.25,7,-1.4206787,-1.7444909,0,1,0,0,0,0,0,1,0,1,1,.66666669
535,2012,7,.14285715,16,-.65132838,1.1906161,0,1,1,1,1,0,0,1,0,2,2,.66666669
535,2015,6,.16666667,9,.89534432,1.2430346,0,1,0,0,0,0,0,1,0,3,3,1
536,2012,6,.16666667,2,-1.4206787,.11758225,0,1,1,0,0,0,0,1,0,1.5,0,0
536,2015,5,.2,12,1.6646947,.71104914,0,1,1,1,1,0,0,1,0,8.0100002,8,1
537,2012,4,0,11,-.26770446,-.098007075,0,1,1,1,1,0,0,1,0,.5,.5,.33333334
537,2015,4,0,16,.89534432,1.1214086,0,1,0,0,0,0,0,1,0,5,5,1.6666666
538,2012,4,.25,16,-1.2449647,.46924964,0,1,1,1,0,0,0,1,0,2,0,0
538,2015,4,.25,14,.89534432,-.22653225,0,1,0,0,0,0,0,0,1,3.0999999,3,.33333334
539,2012,4,.25,5,-1.4206787,-1.0997423,0,1,1,0,1,0,0,0,0,.5,0,0
540,2012,5,.2,12,-.65132838,.20679367,0,1,1,0,0,0,0,1,0,1,1,.66666669
540,2015,4,.25,12,.89534432,-.32009235,0,1,1,0,0,0,0,1,0,2.02,2,.66666669
541,2012,2,0,2,.50164586,2.1206949,0,1,1,0,1,0,0,1,0,1.5,1,.66666669
541,2015,3,.33333334,12,.89534432,3.7153449,0,1,1,0,1,0,0,1,0,1.3,1.3,.66666669
542,2012,6,.16666667,16,-1.2449647,-1.8771192,0,1,1,1,0,1,0,0,0,.69999999,.69999999,.33333334
542,2015,6,.16666667,12,.89534432,.76698905,0,1,1,0,0,0,0,1,0,3,3,1.3333334
543,2012,7,.14285715,14,-1.4206787,.16416743,0,1,0,0,0,0,0,1,0,2,1,.66666669
543,2015,6,.16666667,14,.89534432,.28208959,0,1,1,0,1,0,0,0,1,2.5,2.5,1
544,2012,3,.33333334,2,-1.4206787,-2.0292926,0,1,1,0,1,0,0,1,0,1,.30000001,.33333334
545,2012,8,.125,12,-1.4206787,5.8844967,0,1,1,0,1,0,0,1,0,8.5,4.5,1.3333334
545,2015,7,.14285715,6,.50164586,.69060642,1,1,1,0,0,0,0,1,0,2.5,2.5,1
546,2012,5,.2,5,-1.4206787,2.2693255,0,1,1,1,1,0,0,1,0,2,.5,1
546,2015,7,.14285715,8,-1.4206787,.58355629,0,1,1,0,0,0,0,1,0,2.7,2,1
547,2012,3,.33333334,12,-1.4206787,3.2160103,0,1,1,1,1,0,0,1,0,3.02,1,1
547,2015,5,.2,12,-1.4206787,.15172257,0,1,1,0,0,0,0,1,0,3.03,3,1
548,2012,9,.11111111,9,-.65132838,-.71883774,0,1,1,0,0,0,0,1,0,1,.60000002,.66666669
548,2015,4,.25,7,-1.2449647,-.74659288,1,1,0,0,0,0,1,0,0,1.51,1.2,.66666669
549,2012,2,.5,4,-.65132838,-.11062972,0,1,1,1,0,0,0,1,0,1.001,0,0
549,2015,4,.25,7,-.26770446,-1.6892532,1,1,1,0,1,0,0,0,1,2.01,1.5,1
550,2012,3,.33333334,14,.50164586,3.9030995,0,1,1,0,0,0,0,0,1,8.5,3.5,1
550,2015,3,.33333334,12,-1.2449647,.96877062,1,1,0,0,0,0,1,0,0,1.51,1.2,.66666669
551,2012,7,.14285715,16,-.65132838,-.62479693,0,1,1,0,0,1,0,0,0,.60000002,.30000001,2
551,2015,4,.25,16,-.26770446,.32844594,0,1,1,0,0,0,0,1,0,1.5700001,1.5,1
552,2012,9,.11111111,8,-.65132838,-2.1504333,0,1,1,1,0,0,0,1,0,.75,.75,.33333334
552,2015,8,.125,8,.50164586,1.566031,1,1,0,0,0,0,0,1,0,5.0479999,5,1.3333334
553,2012,7,.14285715,8,2.1843216,-1.6579655,0,1,0,0,0,0,0,1,0,1.15,1,.33333334
553,2015,7,.14285715,11,-.65132838,-1.3447286,1,1,1,1,0,0,0,0,1,2,2,1.3333334
554,2012,3,.33333334,2,-1.4206787,2.1415806,0,1,1,0,1,0,0,1,0,1.5,1.5,1
554,2015,2,.5,5,,.16587774,0,1,1,1,0,0,0,1,0,1.5005,0,0
555,2012,3,.33333334,2,.50164586,.93372321,0,1,1,1,1,0,0,1,0,.80000001,.80000001,.33333334
555,2015,5,.2,9,-1.4206787,-1.9549718,1,1,1,0,0,1,0,0,0,.51999998,.5,1
556,2012,8,.125,12,-1.4206787,4.0266337,0,1,1,0,0,0,0,1,0,1.9499999,1,.33333334
556,2015,10,.1,12,.50164586,1.5682497,1,1,0,0,0,0,0,1,0,5.0479999,5,1.3333334
557,2012,3,.33333334,2,-.58474231,-1.4688854,0,1,0,0,0,0,1,0,0,.003,.003,1
557,2015,4,.25,6,-1.2449647,.16587774,0,1,1,1,0,0,0,1,0,1.5005,0,0
558,2012,8,.125,9,-2.397939,-.83358455,0,1,0,0,0,0,1,0,0,1,1,1
558,2015,7,.14285715,11,-.26770446,1.1848277,1,1,1,1,0,0,0,1,0,3.1500001,3,1.3333334
559,2012,4,.25,2,-1.4206787,-.84603393,0,1,1,0,0,0,1,0,0,.5,.5,.33333334
559,2015,4,.25,11,-.26770446,-.42003864,0,1,1,0,1,0,0,0,1,.34999999,.25,1
560,2012,6,.16666667,2,.50164586,2.2313435,0,1,1,0,0,0,0,1,0,5.5,5,1
560,2015,3,.33333334,10,-.26770446,-1.4619086,0,0,0,0,0,0,0,0,1,1.2,1.2,1
561,2012,10,.1,5,.50164586,2.6798618,0,1,1,0,0,0,0,1,0,4.0419998,2.5,.33333334
561,2015,6,.16666667,12,-.26770446,-.27048078,0,1,1,0,1,0,0,0,1,2,2,1
562,2012,5,.2,4,.50164586,3.9249544,0,1,1,1,1,0,0,1,0,10,8,1
563,2012,9,.11111111,7,.56823194,2.4007745,0,1,1,0,0,0,0,1,0,2,2,.66666669
563,2015,6,.16666667,7,-.26770446,.24221075,0,1,1,0,1,0,0,0,1,2.5,2.5,1.3333334
564,2012,6,.16666667,2,-.65132838,.81961316,0,1,1,0,0,0,0,1,0,4,4,.66666669
564,2015,6,0,10,-1.4206787,.16273636,0,1,1,1,0,0,0,0,1,1,.5,.66666669
565,2012,8,.125,2,.50164586,2.8614311,0,1,1,0,0,0,0,1,0,4,4,.66666669
565,2015,4,.25,5,-1.4206787,-1.8145533,0,1,1,0,0,0,0,1,0,.50999999,.5,1
566,2012,6,.16666667,1,,3.2644153,0,1,1,1,1,1,0,0,0,3,3,.66666669
566,2015,5,.2,4,-.26770446,-2.3900521,0,1,1,0,0,1,0,0,0,1.08,1,1
567,2012,9,.11111111,5,.50164586,2.7791877,0,1,1,0,1,0,1,0,0,2.0079999,2,.66666669
567,2015,5,.2,6,-1.4206787,-.13047923,0,1,1,0,0,0,0,0,1,1.5,1.5,1.3333334
568,2012,7,.14285715,9,-1.3540927,3.5289197,0,1,1,0,1,1,0,0,0,3,3,.66666669
568,2015,5,0,7,-.65132838,.06254214,1,1,1,0,1,0,0,0,1,2.5,1.5,1
569,2012,3,.33333334,0,-1.3540927,2.4342499,0,1,1,1,1,0,0,1,0,3.2,.5,.16666667
570,2012,5,.2,6,.56823194,2.7318695,0,1,0,1,1,0,0,1,0,2,2,1
570,2015,5,0,6,-1.2449647,1.3744602,0,1,1,0,0,0,0,0,1,1.1,1,1
571,2012,4,.25,4,-1.3540927,.22990811,0,1,1,1,1,0,1,0,0,2.6500001,2.6500001,.66666669
571,2015,4,.25,2,-1.4206787,-.82527035,1,1,1,1,0,0,0,0,1,2.5,2.5,1
572,2012,5,.2,4,-1.3540927,.52987862,0,1,0,1,0,0,0,1,0,1,1,1
572,2015,4,.25,7,.50164586,-1.2129399,0,1,1,0,0,0,0,1,0,.50999999,.5,1
573,2012,7,.14285715,4,2.1843216,2.6014032,1,1,0,1,1,0,0,1,0,4,3,.66666669
573,2015,5,.2,6,-.26770446,2.1617408,0,1,1,0,0,0,0,0,1,3,2,1.3333334
574,2012,3,.33333334,2,-1.3540927,.49316451,0,1,1,1,1,1,0,0,0,1,1,.66666669
574,2015,7,.14285715,16,-.26770446,1.1066381,0,1,1,0,1,0,0,1,0,2.0120001,2,1
575,2012,4,.25,2,-1.3540927,1.3612329,0,1,1,1,0,1,0,0,0,4.0009999,2.0009999,1
575,2015,5,0,5,-1.4206787,-.68641633,1,1,0,0,0,0,0,1,0,2,2,.66666669
576,2012,5,.2,2,-.20111838,-.86616653,0,1,1,0,1,0,0,0,0,15.5,15,.16666667
576,2015,5,.2,3,-2.397939,-.61773664,0,1,0,0,0,1,0,0,0,2.0599999,2,1
577,2012,8,.125,2,1.1404753,.82052994,0,1,1,0,0,1,0,0,0,3,3,1
577,2015,4,.25,8,1.6646947,.15885551,1,1,1,0,0,0,0,1,0,5,2,1.3333334
578,2012,7,.14285715,10,.50164586,1.7429038,0,1,1,1,0,0,0,1,0,6,4,.66666669
578,2015,7,.14285715,10,-.65132838,-.10278038,0,1,1,0,0,0,0,1,0,6,6,1.3333334
579,2012,4,0,5,.50164586,1.0715907,0,0,1,0,0,1,0,0,0,1.8399999,1.54,2
580,2012,8,.125,12,.50164586,1.3083813,0,1,1,1,1,0,0,0,0,2,2,.33333334
580,2015,6,0,14,1.6646947,3.3514333,0,1,1,0,1,1,0,0,0,6.5,3,1.3333334
581,2012,6,.16666667,10,-.20111838,2.782496,0,1,1,1,0,0,0,1,0,2,2,.33333334
581,2015,4,0,8,1.3483852,.78617835,0,1,1,0,0,0,0,1,0,2.5,2,1.3333334
582,2012,4,.25,9,.56823194,3.0384152,0,1,1,1,0,0,0,1,0,2,2,.66666669
582,2015,4,.25,9,-.65132838,-1.208649,0,1,1,0,0,0,0,1,0,1.3,1.3,1
583,2012,7,.14285715,7,.50164586,3.1193841,0,1,1,0,1,0,1,0,0,5.0036001,3,.33333334
583,2015,5,.2,3,1.6646947,-2.2178435,0,1,0,1,0,0,0,1,0,0,0,0
584,2012,12,.083333336,16,.50164586,4.7274818,0,1,1,1,1,0,0,1,0,10,10,.33333334
584,2015,8,.125,12,.51172036,.33824745,0,1,1,0,1,0,0,0,1,3,3,1.3333334
585,2012,6,.16666667,9,-.20111838,1.1388198,0,1,1,1,0,0,0,0,0,.75,.75,.16666667
585,2015,7,.14285715,9,.51172036,.66492146,0,1,1,0,0,0,0,1,0,6.0999999,3,1.3333334
586,2012,4,.25,10,-1.3540927,-.61067283,0,1,0,1,0,0,0,0,0,2.4199998,2.3,.16666667
586,2015,4,.25,10,1.6646947,-.73581105,0,1,1,0,0,0,0,1,0,2.5999999,2.5,1.3333334
587,2012,6,0,2,-.58474231,2.860595,0,1,0,1,0,0,0,1,0,1.5,1.5,.33333334
587,2015,6,.16666667,12,1.6646947,.10915242,0,0,1,0,1,0,0,0,0,3.5,3.5,1
588,2012,6,0,7,-2.3313529,-.66419774,0,1,1,1,0,0,1,0,0,.80000001,.80000001,.33333334
588,2015,4,.25,4,.89534432,-.64792573,1,1,0,1,0,0,0,1,0,2.0004001,2,1
589,2012,5,.2,7,.50164586,.9446643,0,1,1,1,1,0,0,1,0,1,1,.33333334
589,2015,4,.25,7,2.5114341,-.38599795,0,1,1,1,0,1,0,0,0,1,1,1
590,2012,9,.11111111,2,.50164586,1.3949716,0,1,1,1,0,0,0,1,0,3,3,.66666669
590,2015,8,.125,7,-1.4206787,-.27184361,0,1,1,0,0,0,0,1,0,1,0,0
591,2012,15,.06666667,9,-.65132838,3.2597792,0,1,1,1,0,0,0,1,0,1.5,1.5,.66666669
591,2015,6,.16666667,8,2.5114341,-.48160774,0,1,1,0,0,0,0,0,0,6,6,.66666669
592,2012,5,.2,9,.56823194,1.7248286,0,1,1,0,1,0,0,1,0,1,.5,.33333334
592,2015,4,0,9,2.5114341,.4617998,1,1,1,0,0,0,0,0,1,3,3,1.3333334
593,2012,7,.14285715,2,.56823194,1.3515204,0,1,1,1,0,0,1,0,0,1.008,.5,.33333334
594,2012,7,.14285715,2,.50164586,1.7982233,0,1,1,1,0,0,0,0,0,.5,.5,.33333334
594,2015,8,.125,6,-.26770446,-1.2340858,0,1,1,0,0,0,1,0,0,1,1,1
595,2012,6,.16666667,2,.50164586,1.2183458,0,1,1,1,1,0,0,1,0,1.51,.039999999,.33333334
595,2015,7,.14285715,11,-.20111838,-1.0834794,0,1,0,0,0,0,0,0,1,2.2,2,1
596,2012,4,.25,5,-.26770446,-.054350253,1,1,0,0,0,0,1,0,0,1.1,1,1
596,2015,3,.33333334,8,-.26770446,-2.2965548,0,0,0,0,0,0,0,0,1,0,0,0
597,2012,10,.1,6,.50164586,3.1803939,0,1,1,0,1,0,0,1,0,2.5,2,2
597,2015,10,.1,6,-1.4206787,1.2813344,0,1,1,0,0,0,0,0,1,2.0090001,2,1
598,2012,5,.2,4,-.26770446,6.3291426,0,1,1,0,1,0,0,1,0,1.5039999,1.5,1
598,2015,5,.2,4,-1.4206787,1.177806,0,1,1,1,0,0,1,0,0,2.5,2,.66666669
599,2012,8,.125,7,.50164586,7.159193,0,1,1,1,1,0,0,1,0,2.5,2,.33333334
599,2015,6,.16666667,10,-.26770446,-1.1875473,0,1,1,1,0,0,0,0,1,1.5,1.5,.66666669
600,2012,8,.125,2,.50164586,1.3273017,0,1,0,1,1,0,1,0,0,2,1.5,1
600,2015,4,.25,6,-.26770446,-.025567595,0,1,1,0,0,0,0,0,1,3.01,2,.66666669
601,2012,6,.16666667,9,.50164586,-1.2754965,0,1,1,1,0,1,0,0,0,.5025,.5,1
601,2015,6,.16666667,11,-.26770446,1.190969,0,1,0,1,1,0,0,0,1,2,2,1
602,2012,5,.2,2,.50164586,5.0594082,0,1,1,0,1,0,1,0,0,5,1,.66666669
602,2015,8,.125,5,-.26770446,-1.2259246,0,1,1,0,0,0,0,0,1,1.5,1,1.3333334
603,2012,9,.11111111,2,.50164586,3.5814979,0,1,1,1,0,0,0,1,0,2.5,1,1
604,2012,5,.2,2,-.65132838,1.4665632,0,1,1,1,1,1,0,0,0,1,.5,1.6666666
604,2015,5,.2,8,-1.4206787,-1.1204251,0,1,1,0,0,1,0,0,0,2.01,2,.66666669
605,2012,6,.16666667,2,.50164586,5.1353183,0,1,1,0,1,0,0,1,0,3,2,.66666669
605,2015,7,.14285715,5,-1.4206787,-.71513784,0,1,0,0,0,1,0,0,0,3.05,3,.66666669
606,2012,7,.14285715,2,.50164586,5.8686528,,0,1,1,,0,0,1,0,1.5,1,1
606,2015,6,.16666667,8,-.26770446,-1.0230938,0,1,1,1,0,0,0,0,1,2.0035,2,.66666669
607,2012,2,.5,2,-.47561437,.57135779,0,1,1,1,0,0,1,0,0,.80199999,.5,.66666669
607,2015,6,.16666667,8,-1.4206787,-2.2689648,0,1,0,0,1,1,0,0,0,.02,0,0
608,2012,5,0,2,-1.3540927,-1.6571796,0,1,1,0,0,1,0,0,0,.5,.5,1
608,2015,7,.14285715,6,-.26770446,.24686641,0,1,1,0,1,0,0,1,0,2.3499999,1,1
609,2012,6,.16666667,12,-1.3540927,1.195331,0,1,1,1,0,1,0,0,0,4.5999999,4.5,1.6666666
609,2015,6,.16666667,10,.89534432,-2.3791738,0,0,0,0,0,1,0,0,0,0,0,0
610,2012,9,.11111111,2,-1.3540927,1.2895879,0,1,1,0,1,0,0,1,0,2,2,.33333334
610,2015,8,.125,8,.50164586,-1.0947007,1,1,0,0,0,1,0,0,0,1.028,1,1
611,2012,6,.16666667,6,-.26770446,2.7719817,0,1,0,1,0,0,0,1,0,3,3,.66666669
611,2015,5,.2,11,-.25762996,-.56010216,1,1,0,0,0,0,0,0,0,1,1,.66666669
612,2012,7,.14285715,16,-2.3313529,1.2337955,0,1,1,1,1,0,0,0,0,1.5,1.5,.66666669
612,2015,7,.14285715,16,1.6646947,.19008583,0,1,1,0,1,0,0,1,0,7,2,1.3333334
613,2012,8,.125,2,-1.3540927,5.9056153,0,1,1,0,0,0,0,1,0,4.5,3.5,.5
613,2015,5,0,12,.50164586,-1.9855378,1,1,0,0,1,0,0,0,0,5,1,1.6666666
614,2012,7,.14285715,5,-.20111838,1.1350524,0,1,1,0,0,1,0,0,0,1.64,1.5,.66666669
614,2015,5,.2,4,.89534432,1.3222603,0,1,1,1,1,0,0,1,0,12,4,1.6666666
615,2012,8,.125,4,-1.4206787,2.4313133,0,1,1,0,1,0,0,1,0,5,2,.66666669
615,2015,6,.16666667,5,-1.4206787,-1.3196613,1,0,0,0,0,1,0,0,0,1.5,1,1.6666666
616,2012,3,.33333334,2,.50164586,-1.4934341,0,1,0,0,0,0,0,0,0,.80000001,.80000001,1
616,2015,3,.33333334,4,-.25762996,-.66050649,0,1,1,0,0,1,0,0,0,2.01,2,1
617,2012,4,.25,11,.50164586,.37762752,0,1,0,1,0,1,0,0,0,3,3,1
617,2015,4,.25,8,-.25762996,-.97864467,0,1,0,0,1,0,0,1,0,3.4000001,.5,.33333334
618,2012,3,.33333334,7,.50164586,.2988894,0,1,0,0,0,0,0,1,0,1.3,1.3,1
618,2015,3,.33333334,6,.89534432,.12142771,0,1,1,0,1,1,0,0,0,3.7,2,.66666669
619,2012,7,.14285715,6,.56823194,.86963791,0,1,1,1,0,1,0,0,0,1.5,1,1
619,2015,3,.33333334,16,-.25762996,-2.0577738,0,1,1,0,1,1,0,0,0,2.5,1.5,1
620,2012,8,.125,5,.50164586,2.8584967,0,1,0,1,0,0,0,0,1,3,3,.66666669
620,2015,8,.125,7,-.26770446,.98858958,0,1,0,1,1,1,0,0,0,4,2,1
621,2012,8,.125,8,.50164586,2.7290752,0,1,0,1,1,0,0,1,0,2.5,2.5,.66666669
621,2015,5,.2,7,-.26770446,-.65545815,1,1,1,0,1,1,0,0,0,2,1,1
622,2012,5,.2,10,-.65132838,.29796079,0,1,1,0,0,1,0,0,0,1.2,1,1
622,2015,5,.2,6,-.26770446,.029535996,0,1,1,0,1,1,0,0,0,2,2,1
623,2012,4,.25,3,.50164586,4.6286001,0,1,1,1,1,1,0,0,0,3.0239999,3,.66666669
624,2012,4,.25,9,.50164586,1.0605471,0,1,1,1,1,1,0,0,0,.38,.34999999,.33333334
624,2015,3,.33333334,7,-.65132838,-.8253476,0,1,0,1,0,1,0,0,0,1.5,.69999999,1.3333334
625,2012,4,0,10,-1.3540927,1.565006,0,1,1,0,0,0,0,1,0,2.6500001,2.6500001,2
625,2015,4,0,10,-.26770446,1.089802,0,1,1,0,0,0,0,0,1,1,1,1.3333334
626,2012,6,.16666667,5,,,,,,,,,,,,,,
627,2012,2,0,12,-.20111838,3.7749662,1,1,1,1,1,0,0,1,0,1.416,1.4,1
627,2015,5,0,12,-.26770446,.34362456,0,1,1,1,1,0,0,0,1,0,0,0
628,2012,7,.14285715,8,-.65132838,.96872634,0,1,1,0,1,0,0,1,0,1.54,1.5,1
628,2015,6,.16666667,10,-.65132838,-.97680026,0,1,1,0,0,1,0,0,0,1,1,.66666669
629,2012,3,.33333334,2,-.58474231,2.2120223,0,1,0,0,1,0,0,1,0,3,1,.66666669
629,2015,4,0,7,-.26770446,-.72410673,0,1,1,0,0,0,0,1,0,1.5,1.5,1
630,2012,6,.16666667,2,,,,,,,,,,,,,,
630,2015,3,0,8,-.65132838,-1.345171,0,1,1,0,0,0,0,1,0,1.015,1,.66666669
631,2012,4,0,3,.50164586,1.7832546,0,1,0,0,1,0,0,0,0,3.5,3.5,1
631,2015,3,0,6,-.26770446,-2.2146361,0,1,1,0,0,1,0,0,0,1.5,1.5,1
632,2012,9,.11111111,10,.96193039,9.1525288,0,1,1,1,0,0,0,1,0,3.0999999,3,1
632,2015,5,.2,6,.50164586,-.32948768,0,1,1,0,0,0,0,1,0,2.5,1.7,1.3333334
633,2012,2,0,2,.50164586,-1.1680096,0,1,1,0,0,0,0,0,0,.5,.5,.66666669
633,2015,3,.33333334,2,.50164586,-.50283819,0,1,1,0,1,0,0,1,0,1.5,1.5,.66666669
634,2012,4,.25,7,,,,,,,,,,,,,,
634,2015,5,.2,7,-.65132838,.71141231,0,0,1,0,0,0,0,1,0,3,3,1.3333334
635,2012,5,.2,6,1.6646947,1.3770376,0,1,0,0,0,0,0,0,0,.0625,.0625,1
635,2015,5,.2,16,.19541095,.0097696623,0,1,0,0,0,1,0,0,0,2.5,2.5,1.3333334
636,2012,4,0,12,1.6646947,.95761061,0,1,1,0,1,0,0,0,0,4.0049,4,1
636,2015,4,0,14,-1.4206787,.55383927,0,1,1,0,1,0,0,1,0,3,3,1.3333334
637,2012,5,.2,12,-.65132838,-.73183978,0,1,0,1,0,1,0,0,0,.25,.25,.33333334
637,2015,5,.2,8,-.65132838,-.10516008,0,1,0,0,0,0,0,1,0,1.5,1.5,1.6666666
638,2012,4,.25,2,-.65132838,.3070035,0,1,0,0,0,0,1,0,0,.2,.12,.33333334
638,2015,2,0,4,-.65132838,-1.0408363,1,1,0,0,0,0,0,1,0,2,1,1.3333334
639,2012,5,.2,12,-1.3540927,-.003898283,0,1,0,0,0,0,1,0,0,.264,.25,.33333334
639,2015,6,.16666667,14,.50164586,-.12015167,1,1,1,0,1,0,0,0,1,1,1,1.3333334
640,2012,5,.2,12,.96193039,-.25556943,0,1,1,1,0,0,0,1,0,2,2,.66666669
